{
  "model_name": "starnet_s1",
  "model_base_dir": "checkpoints/final_models/ablation/starnet_s1",
  "num_folds": 5,
  "avg_overall_accuracy": 0.8327160493827159,
  "num_classes": 9,
  "class_names": [
    "Acetabular Loosening",
    "Dislocation",
    "Fracture",
    "Good Place",
    "Infection",
    "Native Hip",
    "Spacer",
    "Stem Loosening",
    "Wear"
  ],
  "avg_per_class_metrics": [
    {
      "class_index": 0,
      "class_name": "Acetabular Loosening",
      "support": 46,
      "TP": 33,
      "FP": 17,
      "FN": 12,
      "TN": 260,
      "precision": 0.6752161168383517,
      "precision_std": 0.10042436709296608,
      "recall": 0.7347826086956522,
      "recall_std": 0.05567934119506825,
      "f1_score": 0.6963318219420505,
      "f1_score_std": 0.04508506008757357,
      "specificity": 0.9359712230215826,
      "specificity_std": 0.032125343254339724,
      "auc": 0.9523928683140443,
      "auc_std": 0.013601957253427267,
      "accuracy": 0.7347826086956522,
      "accuracy_std": 0.05567934119506825
    },
    {
      "class_index": 1,
      "class_name": "Dislocation",
      "support": 9,
      "TP": 7,
      "FP": 1,
      "FN": 1,
      "TN": 313,
      "precision": 0.8469696969696969,
      "precision_std": 0.04229628369884508,
      "recall": 0.8444444444444443,
      "recall_std": 0.08888888888888888,
      "f1_score": 0.8427450980392155,
      "f1_score_std": 0.045533748214858,
      "specificity": 0.9955555555555555,
      "specificity_std": 0.0015552315827194727,
      "auc": 0.9924514991181658,
      "auc_std": 0.011969268047634483,
      "accuracy": 0.8444444444444443,
      "accuracy_std": 0.08888888888888888
    },
    {
      "class_index": 2,
      "class_name": "Fracture",
      "support": 23,
      "TP": 19,
      "FP": 6,
      "FN": 3,
      "TN": 294,
      "precision": 0.7727972871341526,
      "precision_std": 0.07445182467782652,
      "recall": 0.8608695652173912,
      "recall_std": 0.06956521739130433,
      "f1_score": 0.8087606837606837,
      "f1_score_std": 0.02681307283059011,
      "specificity": 0.9794019933554816,
      "specificity_std": 0.009013063100498674,
      "auc": 0.9877798642207136,
      "auc_std": 0.003943773958476155,
      "accuracy": 0.8608695652173912,
      "accuracy_std": 0.06956521739130433
    },
    {
      "class_index": 3,
      "class_name": "Good Place",
      "support": 51,
      "TP": 39,
      "FP": 22,
      "FN": 11,
      "TN": 251,
      "precision": 0.6585459913695209,
      "precision_std": 0.0663616438458157,
      "recall": 0.780392156862745,
      "recall_std": 0.10330933233191755,
      "f1_score": 0.7055461938350698,
      "f1_score_std": 0.024724156440138294,
      "specificity": 0.9194139194139194,
      "specificity_std": 0.03436202021848663,
      "auc": 0.9542196365725777,
      "auc_std": 0.005609161153990479,
      "accuracy": 0.780392156862745,
      "accuracy_std": 0.10330933233191755
    },
    {
      "class_index": 4,
      "class_name": "Infection",
      "support": 16,
      "TP": 2,
      "FP": 3,
      "FN": 13,
      "TN": 304,
      "precision": 0.49000000000000005,
      "precision_std": 0.36110940170535577,
      "recall": 0.1625,
      "recall_std": 0.17940875118009156,
      "f1_score": 0.20257703081232492,
      "f1_score_std": 0.17760847849735062,
      "specificity": 0.9889610389610389,
      "specificity_std": 0.009090909090909089,
      "auc": 0.9012581168831169,
      "auc_std": 0.030283589446467304,
      "accuracy": 0.1625,
      "accuracy_std": 0.17940875118009156
    },
    {
      "class_index": 5,
      "class_name": "Native Hip",
      "support": 150,
      "TP": 148,
      "FP": 0,
      "FN": 1,
      "TN": 174,
      "precision": 1.0,
      "precision_std": 0.0,
      "recall": 0.992,
      "recall_std": 0.004988876515698573,
      "f1_score": 0.9959776435994702,
      "f1_score_std": 0.002512384982973973,
      "specificity": 1.0,
      "specificity_std": 0.0,
      "auc": 0.9999693486590038,
      "auc_std": 6.13026819923146e-05,
      "accuracy": 0.992,
      "accuracy_std": 0.004988876515698573
    },
    {
      "class_index": 6,
      "class_name": "Spacer",
      "support": 10,
      "TP": 10,
      "FP": 1,
      "FN": 0,
      "TN": 312,
      "precision": 0.8969696969696971,
      "precision_std": 0.061657545301138796,
      "recall": 1.0,
      "recall_std": 0.0,
      "f1_score": 0.9445887445887446,
      "f1_score_std": 0.033799517395572534,
      "specificity": 0.9961783439490446,
      "specificity_std": 0.0023832212654611084,
      "auc": 0.9996178343949044,
      "auc_std": 0.0007643312101910827,
      "accuracy": 1.0,
      "accuracy_std": 0.0
    },
    {
      "class_index": 7,
      "class_name": "Stem Loosening",
      "support": 14,
      "TP": 6,
      "FP": 1,
      "FN": 8,
      "TN": 308,
      "precision": 0.8071428571428572,
      "precision_std": 0.1097306535409801,
      "recall": 0.42857142857142855,
      "recall_std": 0.11065666703449764,
      "f1_score": 0.54848660111818,
      "f1_score_std": 0.08019456904400063,
      "specificity": 0.9948387096774194,
      "specificity_std": 0.0032896900087695385,
      "auc": 0.9450691244239632,
      "auc_std": 0.03523119082429059,
      "accuracy": 0.42857142857142855,
      "accuracy_std": 0.11065666703449764
    },
    {
      "class_index": 8,
      "class_name": "Wear",
      "support": 5,
      "TP": 1,
      "FP": 0,
      "FN": 3,
      "TN": 318,
      "precision": 0.85,
      "precision_std": 0.30000000000000004,
      "recall": 0.28,
      "recall_std": 0.09797958971132713,
      "f1_score": 0.40634920634920635,
      "f1_score_std": 0.14076063033266897,
      "specificity": 0.9981191222570533,
      "specificity_std": 0.0037617554858934365,
      "auc": 0.9774294670846395,
      "auc_std": 0.021224214269355172,
      "accuracy": 0.28,
      "accuracy_std": 0.09797958971132713
    }
  ],
  "individual_fold_results": [
    {
      "fold": "fold_1",
      "overall_accuracy": 0.8117283950617284
    },
    {
      "fold": "fold_2",
      "overall_accuracy": 0.8487654320987654
    },
    {
      "fold": "fold_3",
      "overall_accuracy": 0.845679012345679
    },
    {
      "fold": "fold_4",
      "overall_accuracy": 0.8179012345679012
    },
    {
      "fold": "fold_5",
      "overall_accuracy": 0.8395061728395061
    }
  ]
}