{
  "model_name": "starnet_s1_sk39",
  "model_base_dir": "checkpoints/final_models/sk_ablation/starnet_s1_sk39",
  "num_folds": 5,
  "avg_overall_accuracy": 0.7946852425180599,
  "num_classes": 9,
  "class_names": [
    "Acetabular Loosening",
    "Dislocation",
    "Fracture",
    "Good Place",
    "Infection",
    "Native Hip",
    "Spacer",
    "Stem Loosening",
    "Wear"
  ],
  "avg_per_class_metrics": [
    {
      "class_index": 0,
      "class_name": "Acetabular Loosening",
      "support": 45,
      "TP": 32,
      "FP": 26,
      "FN": 13,
      "TN": 251,
      "precision": 0.5804903908448684,
      "precision_std": 0.08976256381884702,
      "recall": 0.7109178743961353,
      "recall_std": 0.12735333100790064,
      "f1_score": 0.6231489189006362,
      "f1_score_std": 0.04598922195573259,
      "specificity": 0.9041373399475365,
      "specificity_std": 0.05598661504281701,
      "auc": 0.9216810811278776,
      "auc_std": 0.00961451630673693,
      "accuracy": 0.7109178743961353,
      "accuracy_std": 0.12735333100790064
    },
    {
      "class_index": 1,
      "class_name": "Dislocation",
      "support": 9,
      "TP": 6,
      "FP": 1,
      "FN": 2,
      "TN": 313,
      "precision": 0.8755555555555556,
      "precision_std": 0.10193195503270856,
      "recall": 0.7377777777777779,
      "recall_std": 0.11538448876219705,
      "f1_score": 0.7868337510442773,
      "f1_score_std": 0.04182551509253477,
      "specificity": 0.996182362188752,
      "specificity_std": 0.0031171234221089674,
      "auc": 0.979406534420067,
      "auc_std": 0.019645492812894644,
      "accuracy": 0.7377777777777779,
      "accuracy_std": 0.11538448876219705
    },
    {
      "class_index": 2,
      "class_name": "Fracture",
      "support": 22,
      "TP": 10,
      "FP": 2,
      "FN": 12,
      "TN": 298,
      "precision": 0.8369047619047618,
      "precision_std": 0.09370794597216395,
      "recall": 0.4529644268774703,
      "recall_std": 0.18212467722249703,
      "f1_score": 0.564469146132687,
      "f1_score_std": 0.13769669049985597,
      "specificity": 0.9926821705426356,
      "specificity_std": 0.005325601544868783,
      "auc": 0.9229377962785446,
      "auc_std": 0.028800232482133103,
      "accuracy": 0.4529644268774703,
      "accuracy_std": 0.18212467722249703
    },
    {
      "class_index": 3,
      "class_name": "Good Place",
      "support": 50,
      "TP": 39,
      "FP": 29,
      "FN": 11,
      "TN": 243,
      "precision": 0.5817742660633448,
      "precision_std": 0.03028719800974782,
      "recall": 0.7826666666666666,
      "recall_std": 0.10618066908216332,
      "f1_score": 0.6621970635843273,
      "f1_score_std": 0.032508273954214684,
      "specificity": 0.8936942941129287,
      "specificity_std": 0.0251071818862518,
      "auc": 0.936997802310364,
      "auc_std": 0.014760133076789266,
      "accuracy": 0.7826666666666666,
      "accuracy_std": 0.10618066908216332
    },
    {
      "class_index": 4,
      "class_name": "Infection",
      "support": 16,
      "TP": 3,
      "FP": 4,
      "FN": 12,
      "TN": 303,
      "precision": 0.5693939393939393,
      "precision_std": 0.24051597428091448,
      "recall": 0.20955882352941177,
      "recall_std": 0.07374967010658726,
      "f1_score": 0.2766595977122293,
      "f1_score_std": 0.05451533791551638,
      "specificity": 0.9863213333897374,
      "specificity_std": 0.009967723447702826,
      "auc": 0.8753593886473748,
      "auc_std": 0.029212058019019146,
      "accuracy": 0.20955882352941177,
      "accuracy_std": 0.07374967010658726
    },
    {
      "class_index": 5,
      "class_name": "Native Hip",
      "support": 150,
      "TP": 149,
      "FP": 0,
      "FN": 0,
      "TN": 172,
      "precision": 0.9947105844080399,
      "precision_std": 0.004930370723713716,
      "recall": 0.9960000000000001,
      "recall_std": 0.005333333333333329,
      "f1_score": 0.9953354296489711,
      "f1_score_std": 0.002668014581400186,
      "specificity": 0.9953823666201581,
      "specificity_std": 0.004323859825928747,
      "auc": 0.999067570261112,
      "auc_std": 0.0018076115569505263,
      "accuracy": 0.9960000000000001,
      "accuracy_std": 0.005333333333333329
    },
    {
      "class_index": 6,
      "class_name": "Spacer",
      "support": 10,
      "TP": 8,
      "FP": 0,
      "FN": 2,
      "TN": 312,
      "precision": 0.9191919191919192,
      "precision_std": 0.09979061846649266,
      "recall": 0.8072727272727273,
      "recall_std": 0.13153888907407946,
      "f1_score": 0.8521303258145364,
      "f1_score_std": 0.0917185184908539,
      "specificity": 0.997452229299363,
      "specificity_std": 0.0031203690990868503,
      "auc": 0.9326622884654874,
      "auc_std": 0.055322546453377655,
      "accuracy": 0.8072727272727273,
      "accuracy_std": 0.13153888907407946
    },
    {
      "class_index": 7,
      "class_name": "Stem Loosening",
      "support": 13,
      "TP": 5,
      "FP": 1,
      "FN": 8,
      "TN": 308,
      "precision": 0.8666666666666668,
      "precision_std": 0.13179383336283854,
      "recall": 0.387912087912088,
      "recall_std": 0.15705445911416077,
      "f1_score": 0.501453634085213,
      "f1_score_std": 0.1269933888369248,
      "specificity": 0.9954734314646622,
      "specificity_std": 0.006003244755673169,
      "auc": 0.9012799863253982,
      "auc_std": 0.02854798862949653,
      "accuracy": 0.387912087912088,
      "accuracy_std": 0.15705445911416077
    },
    {
      "class_index": 8,
      "class_name": "Wear",
      "support": 4,
      "TP": 1,
      "FP": 0,
      "FN": 3,
      "TN": 318,
      "precision": 0.7,
      "precision_std": 0.4,
      "recall": 0.26,
      "recall_std": 0.17435595774162696,
      "f1_score": 0.37142857142857144,
      "f1_score_std": 0.2340610614751335,
      "specificity": 0.9993730407523511,
      "specificity_std": 0.001253918495297812,
      "auc": 0.9004179728317657,
      "auc_std": 0.07469109209311284,
      "accuracy": 0.26,
      "accuracy_std": 0.17435595774162696
    }
  ],
  "individual_fold_results": [
    {
      "fold": "fold_1",
      "overall_accuracy": 0.8024691358024691
    },
    {
      "fold": "fold_2",
      "overall_accuracy": 0.7808641975308642
    },
    {
      "fold": "fold_3",
      "overall_accuracy": 0.8235294117647058
    },
    {
      "fold": "fold_4",
      "overall_accuracy": 0.7616099071207431
    },
    {
      "fold": "fold_5",
      "overall_accuracy": 0.804953560371517
    }
  ]
}