variant,variant_name,epoch,train_loss,val_auc
ab000,starnet_baseline,1,1.9140547306891373,0.0
ab000,starnet_baseline,2,1.7601369170716934,0.7129806000504502
ab000,starnet_baseline,3,1.6835113438823686,0.7137577244631045
ab000,starnet_baseline,4,1.565010996002915,0.6564006783082643
ab000,starnet_baseline,5,1.4650656821788148,0.7851704694985984
ab000,starnet_baseline,6,1.371279042218649,0.8588177729225396
ab000,starnet_baseline,7,1.2878158707958078,0.8607831233504017
ab000,starnet_baseline,8,1.1482925324445754,0.8374598663343349
ab000,starnet_baseline,9,1.1245744474259158,0.8164114301787206
ab000,starnet_baseline,10,1.1364956234275072,0.821662521479998
ab000,starnet_baseline,11,1.0239604822257746,0.8784365399542992
ab000,starnet_baseline,12,1.006033816656819,0.8997136545334726
ab000,starnet_baseline,13,0.9634226262928924,0.9105971428873232
ab000,starnet_baseline,14,0.9412950622445856,0.8836661201528964
ab000,starnet_baseline,15,0.8646548223581763,0.9047770286702281
ab000,starnet_baseline,16,0.8576455919388839,0.8738169732920155
ab000,starnet_baseline,17,0.8554131293037976,0.9102292378338882
ab000,starnet_baseline,18,0.7817940742172867,0.9192276432254918
ab000,starnet_baseline,19,0.741765425561852,0.9275780450050924
ab000,starnet_baseline,20,0.777543778370603,0.9240608098975017
ab000,starnet_baseline,21,0.7505717286873784,0.9275646236319403
ab000,starnet_baseline,22,0.6789053081747131,0.9097513167435654
ab000,starnet_baseline,23,0.6657317540326366,0.9163106478271298
ab000,starnet_baseline,24,0.6593358613038379,0.9041174379828594
ab000,starnet_baseline,25,0.6258738019354237,0.9211008515418181
ab000,starnet_baseline,26,0.6179056045373472,0.9337295280921076
ab000,starnet_baseline,27,0.5500650899833016,0.9240974525730908
ab000,starnet_baseline,28,0.5773833998005985,0.9398571400744044
ab000,starnet_baseline,29,0.5769515841372482,0.9235287408700553
ab000,starnet_baseline,30,0.5187820107715408,0.9222101468199417
ab000,starnet_baseline,31,0.5225741867564699,0.9102941468794591
ab000,starnet_baseline,32,0.5439061986235284,0.9334146234435009
ab000,starnet_baseline,33,0.4575539285224942,0.9281311490602804
ab000,starnet_baseline,34,0.49259262676693416,0.9261327025946142
ab000,starnet_baseline,35,0.4572629049258583,0.9372564161042355
ab000,starnet_baseline,36,0.3968822611686835,0.9300679079388627
ab000,starnet_baseline,37,0.44401811978210154,0.894369972174215
ab000,starnet_baseline,38,0.46066529471854106,0.9150902881628069
ab000,starnet_baseline,39,0.4254128876511812,0.9397222082541689
ab000,starnet_baseline,40,0.4268723710814201,0.9323093496112005
ab000,starnet_baseline,41,0.4302511184472946,0.9062484421628912
ab000,starnet_baseline,42,0.3838914165450811,0.9366856941102627
ab000,starnet_baseline,43,0.3946381286056252,0.9211073697349444
ab000,starnet_baseline,44,0.34032073102900434,0.9118046270399957
ab000,starnet_baseline,45,0.34375361111397046,0.9246048399176585
ab000,starnet_baseline,46,0.30814616312020077,0.9410385211494708
ab000,starnet_baseline,47,0.2958305229323908,0.9395094809014612
ab000,starnet_baseline,48,0.3044978043174571,0.935424546772814
ab000,starnet_baseline,49,0.4014351902882354,0.9309997065425603
ab000,starnet_baseline,50,0.34171098851754955,0.929569710264183
ab000,starnet_baseline,51,0.3380034900617542,0.9254686754049845
ab000,starnet_baseline,52,0.29676697650346884,0.9351153357537821
ab000,starnet_baseline,53,0.3004351769842486,0.919592513329656
ab000,starnet_baseline,54,0.28837385115778774,0.9404834304847005
ab000,starnet_baseline,55,0.2661909679595754,0.9440920261132961
ab000,starnet_baseline,56,0.2655945881140678,0.9375158913294053
ab000,starnet_baseline,57,0.2715321538567687,0.9316157293324905
ab000,starnet_baseline,58,0.26452296048366836,0.9280884166907324
ab000,starnet_baseline,59,0.2581215858531372,0.9369604329197554
ab000,starnet_baseline,60,0.31531757402118066,0.9340087269461738
ab000,starnet_baseline,61,0.22657407369055707,0.9343454135266764
ab000,starnet_baseline,62,0.2097845245040369,0.9425227743914016
ab000,starnet_baseline,63,0.20291803442436046,0.9507871981806549
ab000,starnet_baseline,64,0.26606258733784477,0.9261036031619524
ab000,starnet_baseline,65,0.22875007685044707,0.9176720924612022
ab000,starnet_baseline,66,0.21493797259465922,0.9232810080291945
ab000,starnet_baseline,67,0.17898623992220483,0.9303241345681813
ab000,starnet_baseline,68,0.14904972152341836,0.9407587321204548
ab000,starnet_baseline,69,0.18784618303539238,0.9258685937395524
ab000,starnet_baseline,70,0.19603709874739836,0.9302153706904542
ab000,starnet_baseline,71,0.22550077136017302,0.926606426822264
ab000,starnet_baseline,72,0.1832831735993467,0.9484395237400137
ab000,starnet_baseline,73,0.14546472423758236,0.9241783896789375
ab000,starnet_baseline,74,0.1856373939640703,0.9337865222202965
ab000,starnet_baseline,75,0.15483417262214227,0.9283719277493194
ab000,starnet_baseline,76,0.14584772071303448,0.9307150700932716
ab000,starnet_baseline,77,0.1743918540825746,0.9484882322422731
ab000,starnet_baseline,78,0.21270157003143872,0.9260580119249467
ab000,starnet_baseline,79,0.165295126552461,0.9177159103295337
ab000,starnet_baseline,80,0.18281522450746185,0.9401152921980561
ab000,starnet_baseline,81,0.19926823041119823,0.9300509189590006
ab000,starnet_baseline,82,0.1477124005628006,0.9327096141047725
ab000,starnet_baseline,83,0.14047258607009638,0.9437622456777424
ab000,starnet_baseline,84,0.15452611884967266,0.9360022015944943
ab000,starnet_baseline,85,0.16720482022181352,0.9309492862081923
ab000,starnet_baseline,86,0.23205844702062042,0.9289502289466284
ab000,starnet_baseline,87,0.16714244246015503,0.925582671978329
ab000,starnet_baseline,88,0.14893058501408674,0.9376584446142929
ab000,starnet_baseline,89,0.12025454413905219,0.9429417882455997
ab000,starnet_baseline,90,0.13304627151986803,0.9416916723407106
ab000,starnet_baseline,91,0.1644089079907993,0.9410725514949297
ab000,starnet_baseline,92,0.12027317957348214,0.9441370658995986
ab000,starnet_baseline,93,0.1603911342717195,0.9529073313314028
ab000,starnet_baseline,94,0.12479402351365014,0.9518005102582409
ab000,starnet_baseline,95,0.16926162886748986,0.9390473644106031
ab000,starnet_baseline,96,0.16113834857796874,0.9370066895733783
ab000,starnet_baseline,97,0.1527702805504149,0.9217938607048589
ab000,starnet_baseline,98,0.1276019442426569,0.9410107241520027
ab000,starnet_baseline,99,0.10624773253038508,0.9405121826740188
ab000,starnet_baseline,100,0.14755102767372016,0.9564227036814577
ab000,starnet_baseline,101,0.13315719849148044,0.9382102873091611
ab000,starnet_baseline,102,0.11142943033766545,0.9584881226073066
ab000,starnet_baseline,103,0.11005704042887084,0.9344914683994083
ab000,starnet_baseline,104,0.11699063955515228,0.9464825680445406
ab000,starnet_baseline,105,0.11690838501055077,0.9475970172881766
ab000,starnet_baseline,106,0.17113731869814336,0.9328141823590007
ab000,starnet_baseline,107,0.12583646464944606,0.943413336181987
ab000,starnet_baseline,108,0.14902566562084293,0.9402759427461232
ab000,starnet_baseline,109,0.11978091446927719,0.9349765775595235
ab000,starnet_baseline,110,0.07506640247362514,0.9466538122294107
ab000,starnet_baseline,111,0.09392847751679553,0.9272133987818708
ab000,starnet_baseline,112,0.11072322866453624,0.9420965319497395
ab000,starnet_baseline,113,0.10081637728918878,0.9455965675553137
ab000,starnet_baseline,114,0.07850980457251013,0.9441644889998553
ab000,starnet_baseline,115,0.05893116783624823,0.9525145736904926
ab000,starnet_baseline,116,0.07942409077333455,0.9283134074150465
ab000,starnet_baseline,117,0.08213950640918515,0.9406002125726084
ab000,starnet_baseline,118,0.09131542919035125,0.9466365271078849
ab000,starnet_baseline,119,0.12518483725689863,0.9369204973020144
ab000,starnet_baseline,120,0.12191799969667405,0.9316882382602634
ab000,starnet_baseline,121,0.15291550074253496,0.9268882039199827
ab000,starnet_baseline,122,0.12941421821839272,0.9348157763214966
ab000,starnet_baseline,123,0.09835110465457846,0.9458412337147337
ab000,starnet_baseline,124,0.10451101371063543,0.926540076613261
ab000,starnet_baseline,125,0.1295587356360708,0.9485723334474987
ab000,starnet_baseline,126,0.0935204549859962,0.9487172541837691
ab000,starnet_baseline,127,0.09475573213418229,0.944207129346861
ab000,starnet_baseline,128,0.09562813847430221,0.9369168717836213
ab000,starnet_baseline,129,0.08956552520663948,0.9412377414401644
ab000,starnet_baseline,130,0.07048672583264234,0.9409812495656958
ab000,starnet_baseline,131,0.15470023900809707,0.9357615594345774
ab000,starnet_baseline,132,0.10758074072152556,0.9159046756434004
ab000,starnet_baseline,133,0.14442697321980366,0.9285070190710039
ab000,starnet_baseline,134,0.09946201907064141,0.930296712810888
ab000,starnet_baseline,135,0.10313022943310197,0.9359704470639213
ab000,starnet_baseline,136,0.06169864648573361,0.9453806088889962
ab000,starnet_baseline,137,0.09771819247339546,0.9311519033690082
ab000,starnet_baseline,138,0.083792903203297,0.9335125206425957
ab000,starnet_baseline,139,0.08642489178189322,0.943856949562516
ab000,starnet_baseline,140,0.08560750325883326,0.9486320000305177
ab000,starnet_baseline,141,0.08316642582524383,0.9415881983373386
ab000,starnet_baseline,142,0.09872019549762096,0.9453622705242392
ab000,starnet_baseline,143,0.061976791618996274,0.9404551391309851
ab000,starnet_baseline,144,0.10652522431783136,0.9572299830792768
ab000,starnet_baseline,145,0.1124594464304939,0.9217629116047693
ab000,starnet_baseline,146,0.09846045300634117,0.9381126340917201
ab000,starnet_baseline,147,0.07497866041014652,0.9361061993573573
ab000,starnet_baseline,148,0.10067848860318755,0.9356444406358999
ab000,starnet_baseline,149,0.07026745311565365,0.9264728899794645
ab000,starnet_baseline,150,0.10128028946956766,0.9444780101152263
ab000,starnet_baseline,151,0.09723272588917373,0.9296278851605867
ab000,starnet_baseline,152,0.09307303255372226,0.9261356124877907
ab000,starnet_baseline,153,0.08090890414644351,0.9498803752707322
ab000,starnet_baseline,154,0.10706650036577005,0.9536243670303349
ab000,starnet_baseline,155,0.06363825543825172,0.9459447764830152
ab000,starnet_baseline,156,0.08798507410938547,0.9478361507504924
ab000,starnet_baseline,157,0.14526643957807914,0.9377185527710392
ab000,starnet_baseline,158,0.12246400486358831,0.9492187263963133
ab000,starnet_baseline,159,0.06634211813889453,0.9443822672384939
ab000,starnet_baseline,160,0.09190709205890306,0.9410030255887892
ab000,starnet_baseline,161,0.08107038220644572,0.9354791017645104
ab000,starnet_baseline,162,0.060296196992979785,0.9322637259010957
ab000,starnet_baseline,163,0.0744423325621805,0.9497494848882871
ab000,starnet_baseline,164,0.0675414230661024,0.9401857180026608
ab000,starnet_baseline,165,0.06925830958620055,0.9490885954148333
ab000,starnet_baseline,166,0.10247353014993438,0.9411210495208234
ab000,starnet_baseline,167,0.1093240626632664,0.9430132391430766
ab000,starnet_baseline,168,0.0748848518844249,0.9301118867003817
ab000,starnet_baseline,169,0.09368182290053338,0.926590091736385
ab000,starnet_baseline,170,0.0885652930299393,0.9461728459110093
ab000,starnet_baseline,171,0.07837839382593896,0.9422570792190506
ab000,starnet_baseline,172,0.11613459315317244,0.9471207430197738
ab000,starnet_baseline,173,0.10485152623406077,0.9472385331844373
ab000,starnet_baseline,174,0.0680991285250256,0.9432754788028336
ab000,starnet_baseline,175,0.0583674014603272,0.9603757619791781
ab000,starnet_baseline,176,0.06549864740473801,0.9378381597879647
ab000,starnet_baseline,177,0.056904592323234915,0.9484728577192049
ab000,starnet_baseline,178,0.06070184607600256,0.950126396438244
ab000,starnet_baseline,179,0.047728414378781656,0.9406570980864346
ab000,starnet_baseline,180,0.07248673147653355,0.9502615257190625
ab000,starnet_baseline,181,0.07957661194576285,0.9488288528570122
ab000,starnet_baseline,182,0.10066039081038267,0.9535815548670364
ab000,starnet_baseline,183,0.05932106093848427,0.93303727760622
ab000,starnet_baseline,184,0.08171101945336678,0.94097244537235
ab000,starnet_baseline,185,0.06394343524924126,0.9387585112696769
ab000,starnet_baseline,186,0.08781053332569227,0.9436394974843033
ab000,starnet_baseline,187,0.07763752188484113,0.9382439212671699
ab000,starnet_baseline,188,0.08239160138390177,0.9293720795294648
ab000,starnet_baseline,189,0.10415769506816554,0.9370848553702759
ab000,starnet_baseline,190,0.07725880542192586,0.9406220803361738
ab000,starnet_baseline,191,0.09111940660216229,0.9357378171194429
ab000,starnet_baseline,192,0.057044771235926016,0.9461257648967438
ab000,starnet_baseline,193,0.068720394446637,0.9514425496123184
ab000,starnet_baseline,194,0.10189249460215807,0.9515629478345948
ab000,starnet_baseline,195,0.06522044735377602,0.9525444048683386
ab000,starnet_baseline,196,0.08042612942373796,0.9473393195388363
ab000,starnet_baseline,197,0.0874506436980389,0.942506827078412
ab000,starnet_baseline,198,0.1023841588089492,0.9455410360795921
ab000,starnet_baseline,199,0.0741790941533317,0.9442920063176057
ab000,starnet_baseline,200,0.05850487380806442,0.9496367503618828
ab001,casgnet_only_skunit,1,1.8371612200259586,0.0
ab001,casgnet_only_skunit,2,1.6070663530662639,0.7195514241714739
ab001,casgnet_only_skunit,3,1.55738708567418,0.7037250925134576
ab001,casgnet_only_skunit,4,1.5552726713682112,0.6814331261921217
ab001,casgnet_only_skunit,5,1.417547411021335,0.8250771596926498
ab001,casgnet_only_skunit,6,1.338769303156182,0.8287610064137138
ab001,casgnet_only_skunit,7,1.3003138034852768,0.8650836276110704
ab001,casgnet_only_skunit,8,1.1870242028673539,0.9076728447609373
ab001,casgnet_only_skunit,9,1.073772315955996,0.8913883227711689
ab001,casgnet_only_skunit,10,1.013390410938654,0.9045145679574186
ab001,casgnet_only_skunit,11,1.0140828600263423,0.8961615623536138
ab001,casgnet_only_skunit,12,1.004436554178254,0.8970894764756595
ab001,casgnet_only_skunit,13,0.9637795590376538,0.9013607603296574
ab001,casgnet_only_skunit,14,0.8935057852322863,0.897264535199092
ab001,casgnet_only_skunit,15,0.9296513171046433,0.8834282121712347
ab001,casgnet_only_skunit,16,0.8389913077377439,0.9183621821363731
ab001,casgnet_only_skunit,17,0.8244030837989688,0.9047584761394394
ab001,casgnet_only_skunit,18,0.7812727508556426,0.9191725431973132
ab001,casgnet_only_skunit,19,0.748528518780293,0.8879229296325077
ab001,casgnet_only_skunit,20,0.7101400771388386,0.91987269713747
ab001,casgnet_only_skunit,21,0.6918507258624593,0.9050049176930131
ab001,casgnet_only_skunit,22,0.6688223808320786,0.898771272287925
ab001,casgnet_only_skunit,23,0.6443890598484633,0.9058426796519515
ab001,casgnet_only_skunit,24,0.6216333914723413,0.8942334345565321
ab001,casgnet_only_skunit,25,0.5725062637981948,0.925389204502336
ab001,casgnet_only_skunit,26,0.6267706796401085,0.9010454199389752
ab001,casgnet_only_skunit,27,0.5544428126515756,0.9232822600604583
ab001,casgnet_only_skunit,28,0.5307936221540909,0.916359091341951
ab001,casgnet_only_skunit,29,0.5032326793713794,0.9061008871269083
ab001,casgnet_only_skunit,30,0.5047568600125998,0.9097007562973748
ab001,casgnet_only_skunit,31,0.4917058271723288,0.917678037274048
ab001,casgnet_only_skunit,32,0.426652683423713,0.9189983015551023
ab001,casgnet_only_skunit,33,0.37889437023348055,0.9296944595525797
ab001,casgnet_only_skunit,34,0.4105494052567154,0.9375745587625159
ab001,casgnet_only_skunit,35,0.4429116459030869,0.908829210630363
ab001,casgnet_only_skunit,36,0.4136191372848391,0.9154438722687619
ab001,casgnet_only_skunit,37,0.4316731985429228,0.9114388522952711
ab001,casgnet_only_skunit,38,0.3769101957791677,0.9246554598545593
ab001,casgnet_only_skunit,39,0.4694659763855008,0.9195942808155327
ab001,casgnet_only_skunit,40,0.44562954415170647,0.9316327320500892
ab001,casgnet_only_skunit,41,0.380003423936692,0.951498163741535
ab001,casgnet_only_skunit,42,0.3341555210735887,0.9412227623822028
ab001,casgnet_only_skunit,43,0.32354156570497844,0.9390949511599456
ab001,casgnet_only_skunit,44,0.2999843049106897,0.924993415083364
ab001,casgnet_only_skunit,45,0.3645249650834984,0.9197153212993212
ab001,casgnet_only_skunit,46,0.2641916858128961,0.8965735728439539
ab001,casgnet_only_skunit,47,0.30935786662688447,0.9329634926854053
ab001,casgnet_only_skunit,48,0.3107427898951693,0.9086049356981091
ab001,casgnet_only_skunit,49,0.24587184266244547,0.9303143705568344
ab001,casgnet_only_skunit,50,0.23528477549552917,0.9028890872271648
ab001,casgnet_only_skunit,51,0.25074815796856714,0.9052311697603628
ab001,casgnet_only_skunit,52,0.2274368168253663,0.9084345867821838
ab001,casgnet_only_skunit,53,0.19241644907630395,0.9105842760274446
ab001,casgnet_only_skunit,54,0.2620744681653125,0.93504402869942
ab001,casgnet_only_skunit,55,0.22568671651571018,0.923536438356938
ab001,casgnet_only_skunit,56,0.24539504253245953,0.9281977457618681
ab001,casgnet_only_skunit,57,0.22720060040062098,0.9364367725154649
ab001,casgnet_only_skunit,58,0.21895354608718678,0.9375655770684094
ab001,casgnet_only_skunit,59,0.22498834798218115,0.9486063424269152
ab001,casgnet_only_skunit,60,0.17985956645845935,0.9308381968336997
ab001,casgnet_only_skunit,61,0.16351664641510305,0.9356826743435026
ab001,casgnet_only_skunit,62,0.207853349363847,0.9362750729137409
ab001,casgnet_only_skunit,63,0.1593472740924114,0.9422796649976634
ab001,casgnet_only_skunit,64,0.18086061507139908,0.9138763537071727
ab001,casgnet_only_skunit,65,0.15333221335103342,0.934589897540539
ab001,casgnet_only_skunit,66,0.1787480454087545,0.9177088171121428
ab001,casgnet_only_skunit,67,0.2270224053587931,0.9232603669645202
ab001,casgnet_only_skunit,68,0.16454749138277605,0.9303492660818778
ab001,casgnet_only_skunit,69,0.20838389142143424,0.9365682689211349
ab001,casgnet_only_skunit,70,0.21132087889065646,0.9454808008462711
ab001,casgnet_only_skunit,71,0.16649460800630192,0.9300956559595889
ab001,casgnet_only_skunit,72,0.135824790397441,0.9447677659705968
ab001,casgnet_only_skunit,73,0.16809927218282467,0.919898172733583
ab001,casgnet_only_skunit,74,0.1884959323783332,0.9368157422422579
ab001,casgnet_only_skunit,75,0.11972827791035247,0.9392799772138444
ab001,casgnet_only_skunit,76,0.13739863509004452,0.9402586200649703
ab001,casgnet_only_skunit,77,0.1806407545314623,0.9276388287742435
ab001,casgnet_only_skunit,78,0.14440898249426853,0.9451098163976498
ab001,casgnet_only_skunit,79,0.1703387560239747,0.9420703184703492
ab001,casgnet_only_skunit,80,0.1596055893256667,0.9418579400378045
ab001,casgnet_only_skunit,81,0.122584568289422,0.9206597262009881
ab001,casgnet_only_skunit,82,0.13666728479547294,0.9265863141173626
ab001,casgnet_only_skunit,83,0.1312403513794929,0.9345212296567695
ab001,casgnet_only_skunit,84,0.14857443334901002,0.9248076319327875
ab001,casgnet_only_skunit,85,0.1496906135999682,0.9219368238628289
ab001,casgnet_only_skunit,86,0.1523787608084834,0.9075890222128418
ab001,casgnet_only_skunit,87,0.1259422379178506,0.9248199382585598
ab001,casgnet_only_skunit,88,0.13415678971153835,0.9191135705393901
ab001,casgnet_only_skunit,89,0.11720537650426996,0.9262777797731395
ab001,casgnet_only_skunit,90,0.11850633261898315,0.9330471143013044
ab001,casgnet_only_skunit,91,0.10697810930414496,0.937238597680429
ab001,casgnet_only_skunit,92,0.10052524158333409,0.9272647068799298
ab001,casgnet_only_skunit,93,0.13837969351663232,0.9418694454647396
ab001,casgnet_only_skunit,94,0.12241863828732108,0.939232853087403
ab001,casgnet_only_skunit,95,0.1251170584039967,0.9250308692587426
ab001,casgnet_only_skunit,96,0.15940523363281361,0.9228491792565464
ab001,casgnet_only_skunit,97,0.2114945133143656,0.9177675818924105
ab001,casgnet_only_skunit,98,0.18669083121314697,0.9302351067137227
ab001,casgnet_only_skunit,99,0.14299063535521775,0.9145724721150776
ab001,casgnet_only_skunit,100,0.13481991963665504,0.9368048354680941
ab001,casgnet_only_skunit,101,0.13918680418844462,0.9317518797553185
ab001,casgnet_only_skunit,102,0.1281665791145136,0.9302151286674789
ab001,casgnet_only_skunit,103,0.12352903644061132,0.925906354010866
ab001,casgnet_only_skunit,104,0.08478272165676222,0.9176203384846797
ab001,casgnet_only_skunit,105,0.13258868137731772,0.9325518912126763
ab001,casgnet_only_skunit,106,0.08388789902936636,0.9327982987569825
ab001,casgnet_only_skunit,107,0.09071945548237305,0.9309997006709334
ab001,casgnet_only_skunit,108,0.09604730260242743,0.9413271390923647
ab001,casgnet_only_skunit,109,0.10516323221103704,0.9364750193685436
ab001,casgnet_only_skunit,110,0.12397123798188743,0.9235395784658842
ab001,casgnet_only_skunit,111,0.0907645944204851,0.9317429206223508
ab001,casgnet_only_skunit,112,0.11219310688598597,0.9421221992004094
ab001,casgnet_only_skunit,113,0.08949234997190814,0.9174474580523012
ab001,casgnet_only_skunit,114,0.12331296974485256,0.9262903938186857
ab001,casgnet_only_skunit,115,0.1106630605617392,0.9208394608268679
ab001,casgnet_only_skunit,116,0.1495938543028078,0.9307516788466609
ab001,casgnet_only_skunit,117,0.11960631544253507,0.9447606497402967
ab001,casgnet_only_skunit,118,0.08192133530974388,0.9350016139288567
ab001,casgnet_only_skunit,119,0.10252540004052069,0.9085173069924222
ab001,casgnet_only_skunit,120,0.11423106676257419,0.9158634441207079
ab001,casgnet_only_skunit,121,0.07545005393509986,0.9180186803238358
ab001,casgnet_only_skunit,122,0.07571362011107662,0.9298629472893081
ab001,casgnet_only_skunit,123,0.07439707954772563,0.935678241896877
ab001,casgnet_only_skunit,124,0.11804970951505966,0.9351010441502385
ab001,casgnet_only_skunit,125,0.09887007791077128,0.9328923672839535
ab001,casgnet_only_skunit,126,0.10482747058762716,0.9363259222303651
ab001,casgnet_only_skunit,127,0.10601465348311587,0.9329476106196878
ab001,casgnet_only_skunit,128,0.09117461455619666,0.9315195980739327
ab001,casgnet_only_skunit,129,0.07370818262544558,0.9347398292960977
ab001,casgnet_only_skunit,130,0.07092806789687013,0.9299073158206482
ab001,casgnet_only_skunit,131,0.10230143743918801,0.9341026996102896
ab001,casgnet_only_skunit,132,0.12751714412046572,0.9234666837787104
ab001,casgnet_only_skunit,133,0.14708312828233072,0.9339063484637524
ab001,casgnet_only_skunit,134,0.1195994991139566,0.9467111568179423
ab001,casgnet_only_skunit,135,0.10641926057879399,0.9367833198471452
ab001,casgnet_only_skunit,136,0.07767759473484337,0.9375110770533688
ab001,casgnet_only_skunit,137,0.08432470657497608,0.9254931626028348
ab001,casgnet_only_skunit,138,0.10888369304135855,0.9256204598558192
ab001,casgnet_only_skunit,139,0.06740570080267722,0.9239745549439341
ab001,casgnet_only_skunit,140,0.08901686133733705,0.9277511314866078
ab001,casgnet_only_skunit,141,0.08038976148615701,0.9374123425850838
ab001,casgnet_only_skunit,142,0.06525846379297921,0.927302262659827
ab001,casgnet_only_skunit,143,0.08857867012274495,0.918134487694372
ab001,casgnet_only_skunit,144,0.09907512638192124,0.9255494703663848
ab001,casgnet_only_skunit,145,0.0822653025748215,0.9395600604893206
ab001,casgnet_only_skunit,146,0.0890432550640388,0.9257832942069035
ab001,casgnet_only_skunit,147,0.09759329643832976,0.9288450908654521
ab001,casgnet_only_skunit,148,0.13738821809089083,0.9349121483179589
ab001,casgnet_only_skunit,149,0.08904033302541808,0.938683150549292
ab001,casgnet_only_skunit,150,0.07781452364237716,0.9200433257665376
ab001,casgnet_only_skunit,151,0.12374426409224693,0.9231824580397955
ab001,casgnet_only_skunit,152,0.12407220315875708,0.9103742673647706
ab001,casgnet_only_skunit,153,0.11513037143266154,0.9258019602922128
ab001,casgnet_only_skunit,154,0.09665971239455791,0.9086143764209629
ab001,casgnet_only_skunit,155,0.0863514131674289,0.9084244846075709
ab001,casgnet_only_skunit,156,0.08355423883592263,0.9362713011025792
ab001,casgnet_only_skunit,157,0.07436320312384098,0.9411438410216325
ab001,casgnet_only_skunit,158,0.0780721228475378,0.9380768341185218
ab001,casgnet_only_skunit,159,0.08789560342133405,0.9421742744472359
ab001,casgnet_only_skunit,160,0.07301093857236593,0.9156520704285588
ab001,casgnet_only_skunit,161,0.056387521308567036,0.9417943323126571
ab001,casgnet_only_skunit,162,0.08266510015670367,0.9345929523596582
ab001,casgnet_only_skunit,163,0.09601637771391322,0.9279271467922161
ab001,casgnet_only_skunit,164,0.06728759421028907,0.939418745238253
ab001,casgnet_only_skunit,165,0.0848863325986126,0.9289502903087724
ab001,casgnet_only_skunit,166,0.08834158244516939,0.9299405625352547
ab001,casgnet_only_skunit,167,0.08551937077684267,0.9202076560192219
ab001,casgnet_only_skunit,168,0.06166232840143441,0.9361980716546486
ab001,casgnet_only_skunit,169,0.07198590698536256,0.939071743102215
ab001,casgnet_only_skunit,170,0.06123870442227086,0.9298364864206413
ab001,casgnet_only_skunit,171,0.07118825724099025,0.9368378402109669
ab001,casgnet_only_skunit,172,0.08795316846293046,0.9343955315989074
ab001,casgnet_only_skunit,173,0.08535563307662637,0.9232834916128775
ab001,casgnet_only_skunit,174,0.07473473781124386,0.9395348440246243
ab001,casgnet_only_skunit,175,0.10840063034337738,0.9216862542012699
ab001,casgnet_only_skunit,176,0.08844028866262287,0.9285269377382795
ab001,casgnet_only_skunit,177,0.06836834540467067,0.9488274592794804
ab001,casgnet_only_skunit,178,0.07205600687836278,0.9384506214173418
ab001,casgnet_only_skunit,179,0.0643260327175673,0.9456290943397633
ab001,casgnet_only_skunit,180,0.04716001647138076,0.9491254124821048
ab001,casgnet_only_skunit,181,0.07611515100672392,0.9441261734259093
ab001,casgnet_only_skunit,182,0.07005506931198592,0.9443740238334231
ab001,casgnet_only_skunit,183,0.05139176640097856,0.950210810646599
ab001,casgnet_only_skunit,184,0.05369935745532895,0.9497416376692535
ab001,casgnet_only_skunit,185,0.09188919678887643,0.9410921412373545
ab001,casgnet_only_skunit,186,0.047695704029178734,0.9429881973059587
ab001,casgnet_only_skunit,187,0.04893750248901519,0.9420989887939878
ab001,casgnet_only_skunit,188,0.11523469132163412,0.9379649674748937
ab001,casgnet_only_skunit,189,0.05886505630015608,0.9291547113887164
ab001,casgnet_only_skunit,190,0.09094382715113776,0.9246844870448329
ab001,casgnet_only_skunit,191,0.07143648561939543,0.9377512464504291
ab001,casgnet_only_skunit,192,0.16484796395132137,0.9381459970251453
ab001,casgnet_only_skunit,193,0.06163088862297762,0.9332288266919468
ab001,casgnet_only_skunit,194,0.05120196621258383,0.9327783599631941
ab001,casgnet_only_skunit,195,0.05933640115816861,0.9147260895798338
ab001,casgnet_only_skunit,196,0.07391605475879262,0.9211240062387765
ab001,casgnet_only_skunit,197,0.05730451257456773,0.921881335343531
ab001,casgnet_only_skunit,198,0.07992392500235605,0.9322351008291323
ab001,casgnet_only_skunit,199,0.0875095078413823,0.9137081815017977
ab001,casgnet_only_skunit,200,0.0488697170842758,0.9373945630627573
ab010,casgnet_only_grn,1,1.9543889955099587,0.5440546863346386
ab010,casgnet_only_grn,2,1.857077309392186,0.669912750280773
ab010,casgnet_only_grn,3,1.8279553666189583,0.6142898102924045
ab010,casgnet_only_grn,4,1.6998881468295475,0.6289155270969268
ab010,casgnet_only_grn,5,1.6036469727862441,0.7263171707510144
ab010,casgnet_only_grn,6,1.5130364174434445,0.7496359295115286
ab010,casgnet_only_grn,7,1.4960499412331851,0.7721466947926706
ab010,casgnet_only_grn,8,1.3886507635956362,0.7444090158257063
ab010,casgnet_only_grn,9,1.4106814553567957,0.7740967115593459
ab010,casgnet_only_grn,10,1.316481813015495,0.7642401796521862
ab010,casgnet_only_grn,11,1.2602914246776566,0.794882233803416
ab010,casgnet_only_grn,12,1.1474161875693731,0.8280468137818378
ab010,casgnet_only_grn,13,1.1653340826276128,0.8290849440227904
ab010,casgnet_only_grn,14,1.1490492280055875,0.8246910760969416
ab010,casgnet_only_grn,15,1.0866660971118112,0.8706452157427363
ab010,casgnet_only_grn,16,1.0780126312242055,0.863434373754884
ab010,casgnet_only_grn,17,1.0341824232741057,0.8734814693055348
ab010,casgnet_only_grn,18,1.0121625701394674,0.8883724183979831
ab010,casgnet_only_grn,19,1.001628120356791,0.8721146363452938
ab010,casgnet_only_grn,20,0.990078754534336,0.9031571773242073
ab010,casgnet_only_grn,21,0.9460285115443323,0.8823829183500338
ab010,casgnet_only_grn,22,0.9778532360661303,0.895819176891704
ab010,casgnet_only_grn,23,0.915583947958791,0.9020199272775945
ab010,casgnet_only_grn,24,0.9063109047306461,0.904305116723541
ab010,casgnet_only_grn,25,0.9076292755664186,0.9128085088767418
ab010,casgnet_only_grn,26,0.8889060287912735,0.9102531221459677
ab010,casgnet_only_grn,27,0.8752023947253302,0.9138965581637739
ab010,casgnet_only_grn,28,0.8280077406954564,0.8893814411273999
ab010,casgnet_only_grn,29,0.8502663133083983,0.9140037506669261
ab010,casgnet_only_grn,30,0.7934060010461381,0.9261768165694544
ab010,casgnet_only_grn,31,0.7731279615038698,0.8934978258443845
ab010,casgnet_only_grn,32,0.7896346971842003,0.91363635434588
ab010,casgnet_only_grn,33,0.772530558960573,0.9190095645572102
ab010,casgnet_only_grn,34,0.7489875432809385,0.9053476437514841
ab010,casgnet_only_grn,35,0.6841038779700478,0.9154679028247603
ab010,casgnet_only_grn,36,0.6793385004968494,0.9252614952403068
ab010,casgnet_only_grn,37,0.6958503928776961,0.8864154691374758
ab010,casgnet_only_grn,38,0.6902700771181086,0.908070950298867
ab010,casgnet_only_grn,39,0.6486430788644116,0.9289226255478835
ab010,casgnet_only_grn,40,0.7288856714856063,0.8992178049687641
ab010,casgnet_only_grn,41,0.6990502646374904,0.918482175449802
ab010,casgnet_only_grn,42,0.6877672561546574,0.9103734873569429
ab010,casgnet_only_grn,43,0.6430257569607549,0.9090062917745598
ab010,casgnet_only_grn,44,0.6279897099524844,0.9127822754168523
ab010,casgnet_only_grn,45,0.5918076164184635,0.9135624276382804
ab010,casgnet_only_grn,46,0.5795762487861302,0.9000576893250957
ab010,casgnet_only_grn,47,0.6019178109807474,0.9099245723778734
ab010,casgnet_only_grn,48,0.5587457410173335,0.9044311543447725
ab010,casgnet_only_grn,49,0.5715650870802894,0.9263616541080666
ab010,casgnet_only_grn,50,0.5205032693893975,0.9381501899165077
ab010,casgnet_only_grn,51,0.5579223220828646,0.9186280871513973
ab010,casgnet_only_grn,52,0.5047158994346821,0.923278256444106
ab010,casgnet_only_grn,53,0.49650413092715606,0.9313208999374007
ab010,casgnet_only_grn,54,0.4545455362885939,0.9404249751661037
ab010,casgnet_only_grn,55,0.46979169125148557,0.939202732143009
ab010,casgnet_only_grn,56,0.5274409416645083,0.9454722539797241
ab010,casgnet_only_grn,57,0.45912274477421444,0.9223296474428434
ab010,casgnet_only_grn,58,0.4708484260250777,0.918760418228884
ab010,casgnet_only_grn,59,0.48745019703348524,0.9259182033334924
ab010,casgnet_only_grn,60,0.4875780730109451,0.9188049868581808
ab010,casgnet_only_grn,61,0.36736286028015314,0.9353423353705637
ab010,casgnet_only_grn,62,0.42673193358684763,0.9207285215099262
ab010,casgnet_only_grn,63,0.4656764464082131,0.921245835020887
ab010,casgnet_only_grn,64,0.43943686734781623,0.9187083669012389
ab010,casgnet_only_grn,65,0.4517844368954188,0.9038827024806223
ab010,casgnet_only_grn,66,0.3654732270968406,0.913320326171338
ab010,casgnet_only_grn,67,0.36484629372348254,0.9055230458467312
ab010,casgnet_only_grn,68,0.35964419053748375,0.9215711507088472
ab010,casgnet_only_grn,69,0.40179622608301,0.9102751511224713
ab010,casgnet_only_grn,70,0.37976111829352754,0.92376254740301
ab010,casgnet_only_grn,71,0.3822550560438734,0.9211733615717079
ab010,casgnet_only_grn,72,0.34005210490220994,0.935357816156807
ab010,casgnet_only_grn,73,0.32277716795124106,0.9326178967144142
ab010,casgnet_only_grn,74,0.35520333612497235,0.9194600329685461
ab010,casgnet_only_grn,75,0.38217889011553313,0.9406271332995778
ab010,casgnet_only_grn,76,0.3129306808383675,0.9230269374198664
ab010,casgnet_only_grn,77,0.28723322823913305,0.9133873756043502
ab010,casgnet_only_grn,78,0.3170002824542606,0.9421830466167157
ab010,casgnet_only_grn,79,0.3132577203079357,0.9251155059494963
ab010,casgnet_only_grn,80,0.3229800782675335,0.9280446193028158
ab010,casgnet_only_grn,81,0.31248427055713207,0.9340344825397368
ab010,casgnet_only_grn,82,0.292061084357907,0.9251186384897319
ab010,casgnet_only_grn,83,0.33306868750022317,0.9383210979327684
ab010,casgnet_only_grn,84,0.2649033358286891,0.9413350379265593
ab010,casgnet_only_grn,85,0.2516659778982077,0.9381567898552999
ab010,casgnet_only_grn,86,0.2769651192232553,0.9246909880348514
ab010,casgnet_only_grn,87,0.23838139666003974,0.943536380072249
ab010,casgnet_only_grn,88,0.25328780423099373,0.9307745032323093
ab010,casgnet_only_grn,89,0.2090724548650737,0.9442279457528303
ab010,casgnet_only_grn,90,0.23697063653978134,0.9407799973013714
ab010,casgnet_only_grn,91,0.2658881815768266,0.9445302146758294
ab010,casgnet_only_grn,92,0.24002217944482268,0.9508746457741342
ab010,casgnet_only_grn,93,0.25490773489880764,0.9383839193475904
ab010,casgnet_only_grn,94,0.27758637517331164,0.9444086660267269
ab010,casgnet_only_grn,95,0.23998357945170132,0.9353314591339561
ab010,casgnet_only_grn,96,0.2156316519358765,0.9403165011881128
ab010,casgnet_only_grn,97,0.22571889673268694,0.9376807688480728
ab010,casgnet_only_grn,98,0.1931511329439782,0.9420753935802212
ab010,casgnet_only_grn,99,0.19426062251064832,0.9516646581770265
ab010,casgnet_only_grn,100,0.2510757088769043,0.9418878050398986
ab010,casgnet_only_grn,101,0.2522792173381019,0.9421965843408955
ab010,casgnet_only_grn,102,0.26648206266476826,0.9275663264908961
ab010,casgnet_only_grn,103,0.1794519594480678,0.9382041336524535
ab010,casgnet_only_grn,104,0.21226953032939944,0.9329318888446335
ab010,casgnet_only_grn,105,0.2063725598255314,0.9285723576049992
ab010,casgnet_only_grn,106,0.2617503513275355,0.9240674046517202
ab010,casgnet_only_grn,107,0.22051856649727242,0.940883276281842
ab010,casgnet_only_grn,108,0.23189570637929857,0.9416161312942439
ab010,casgnet_only_grn,109,0.20363960692836522,0.9412225057404756
ab010,casgnet_only_grn,110,0.1851814624519774,0.937802345602139
ab010,casgnet_only_grn,111,0.181540723418226,0.9395954195284287
ab010,casgnet_only_grn,112,0.20700638228072477,0.9335794437216804
ab010,casgnet_only_grn,113,0.17144574579053679,0.9391269938497642
ab010,casgnet_only_grn,114,0.17656739193618082,0.9464514430637531
ab010,casgnet_only_grn,115,0.1184817359336754,0.9552295027071419
ab010,casgnet_only_grn,116,0.12544826857646785,0.9467540429836158
ab010,casgnet_only_grn,117,0.22204429817142188,0.9325577473600344
ab010,casgnet_only_grn,118,0.15756054310660597,0.9453479620208537
ab010,casgnet_only_grn,119,0.18759004847203867,0.9294608641485755
ab010,casgnet_only_grn,120,0.18947586830620022,0.94330538273619
ab010,casgnet_only_grn,121,0.20094053460278327,0.9383860833167643
ab010,casgnet_only_grn,122,0.1588419477744039,0.941619898672461
ab010,casgnet_only_grn,123,0.12972279506835488,0.9497542863600366
ab010,casgnet_only_grn,124,0.13711092496836788,0.9371018942468872
ab010,casgnet_only_grn,125,0.11272224954658595,0.9461834261722724
ab010,casgnet_only_grn,126,0.1278908967037109,0.9479553397132234
ab010,casgnet_only_grn,127,0.15558278909350765,0.9439170217088231
ab010,casgnet_only_grn,128,0.14154647044451016,0.9389018749873163
ab010,casgnet_only_grn,129,0.13841057450154434,0.9442720126009395
ab010,casgnet_only_grn,130,0.16042486983559243,0.935000509461085
ab010,casgnet_only_grn,131,0.1901704054438162,0.948501683551447
ab010,casgnet_only_grn,132,0.19322916529218884,0.9397045694199511
ab010,casgnet_only_grn,133,0.1513393325922141,0.9432905331185883
ab010,casgnet_only_grn,134,0.15162083357392808,0.9444900973087463
ab010,casgnet_only_grn,135,0.17884116838219946,0.9427570620632041
ab010,casgnet_only_grn,136,0.12829684344793257,0.9367143870087967
ab010,casgnet_only_grn,137,0.1658626149517492,0.9473633535843593
ab010,casgnet_only_grn,138,0.166225696052228,0.9459753179853195
ab010,casgnet_only_grn,139,0.1303318867637395,0.9532847511813466
ab010,casgnet_only_grn,140,0.10931465283162056,0.9316515297346616
ab010,casgnet_only_grn,141,0.14195056051123703,0.9490043626502429
ab010,casgnet_only_grn,142,0.14115593461061415,0.9436217261613604
ab010,casgnet_only_grn,143,0.11387842425579976,0.9483120811376798
ab010,casgnet_only_grn,144,0.18925559294238165,0.9440462261604283
ab010,casgnet_only_grn,145,0.14374391804702033,0.9328708876109049
ab010,casgnet_only_grn,146,0.14701456309659058,0.9275933839175738
ab010,casgnet_only_grn,147,0.11029497879154,0.9376555915041764
ab010,casgnet_only_grn,148,0.11102878238524977,0.9397015670831469
ab010,casgnet_only_grn,149,0.10172567113029655,0.9386870168684666
ab010,casgnet_only_grn,150,0.12692425346992847,0.9342734283684033
ab010,casgnet_only_grn,151,0.10085075432198758,0.9284671042815303
ab010,casgnet_only_grn,152,0.16489287130579586,0.9022947808685061
ab010,casgnet_only_grn,153,0.11742491381123787,0.9434243205426023
ab010,casgnet_only_grn,154,0.1268496956357191,0.9380407859731508
ab010,casgnet_only_grn,155,0.1038413103602476,0.9490477199236412
ab010,casgnet_only_grn,156,0.11042028555446569,0.9292660349641456
ab010,casgnet_only_grn,157,0.11662127167004441,0.9331570177215538
ab010,casgnet_only_grn,158,0.10252846837654908,0.9267152628288436
ab010,casgnet_only_grn,159,0.10556560348544103,0.9097420209005879
ab010,casgnet_only_grn,160,0.1115527862123471,0.9388671176854827
ab010,casgnet_only_grn,161,0.12406950384666031,0.9331466167504008
ab010,casgnet_only_grn,162,0.10084646613088821,0.9172499329011209
ab010,casgnet_only_grn,163,0.15333324314889343,0.9174690198472687
ab010,casgnet_only_grn,164,0.15840402687703167,0.9131614940326127
ab010,casgnet_only_grn,165,0.14257929322452467,0.9309954420581587
ab010,casgnet_only_grn,166,0.10638832758361669,0.9221890711245668
ab010,casgnet_only_grn,167,0.13638751108122965,0.9322601072530612
ab010,casgnet_only_grn,168,0.12935698956287095,0.9162150888700447
ab010,casgnet_only_grn,169,0.16711733737383017,0.9251798190435846
ab010,casgnet_only_grn,170,0.1530143105581097,0.917108976848749
ab010,casgnet_only_grn,171,0.1317931774316133,0.9262295673246578
ab010,casgnet_only_grn,172,0.11887817063219441,0.9326480357852647
ab010,casgnet_only_grn,173,0.08543320981599166,0.9297814221692274
ab010,casgnet_only_grn,174,0.07646515658091578,0.9374816542422925
ab010,casgnet_only_grn,175,0.07561429785014062,0.9361164406767817
ab010,casgnet_only_grn,176,0.10199153452518478,0.9419424852658995
ab010,casgnet_only_grn,177,0.07548998846291632,0.9422506287321868
ab010,casgnet_only_grn,178,0.07979796044932919,0.9276631102959338
ab010,casgnet_only_grn,179,0.08432490827091065,0.9313411101863736
ab010,casgnet_only_grn,180,0.14944946658050481,0.9284376307984962
ab010,casgnet_only_grn,181,0.1658475445751977,0.9265461949334021
ab010,casgnet_only_grn,182,0.13833230794985993,0.9301140567958923
ab010,casgnet_only_grn,183,0.08024242541902171,0.933250838177044
ab010,casgnet_only_grn,184,0.1103417079972128,0.9220072701274111
ab010,casgnet_only_grn,185,0.11808287420852696,0.9332715594032227
ab010,casgnet_only_grn,186,0.09875847108940738,0.9449435080674485
ab010,casgnet_only_grn,187,0.0834350531473666,0.9358517664047036
ab010,casgnet_only_grn,188,0.10935283596745374,0.9286298106903491
ab010,casgnet_only_grn,189,0.08952832681242606,0.9305946682258996
ab010,casgnet_only_grn,190,0.07585724339392418,0.9250897227098133
ab010,casgnet_only_grn,191,0.11011376557815528,0.9495436322599689
ab010,casgnet_only_grn,192,0.09326920425575519,0.9383034577721995
ab010,casgnet_only_grn,193,0.08833574250214637,0.9383336456042333
ab010,casgnet_only_grn,194,0.07528388582897992,0.9348419009031526
ab010,casgnet_only_grn,195,0.07703868184346521,0.9398307838893339
ab010,casgnet_only_grn,196,0.0978087031061169,0.9379362897180573
ab010,casgnet_only_grn,197,0.09356998548864312,0.9371303182246266
ab010,casgnet_only_grn,198,0.10723451325227254,0.9510609905045373
ab010,casgnet_only_grn,199,0.1487272618062102,0.9384163499607278
ab010,casgnet_only_grn,200,0.11991870886813602,0.947489713908059
ab011,casgnet_no_sa,1,1.842727128933077,0.7080419826701315
ab011,casgnet_no_sa,2,1.5826238705827187,0.765738544794572
ab011,casgnet_no_sa,3,1.527474265190603,0.811775840474837
ab011,casgnet_no_sa,4,1.3768560797227738,0.8094141057531429
ab011,casgnet_no_sa,5,1.326363475388871,0.8368422325754319
ab011,casgnet_no_sa,6,1.2425094305102875,0.8493059268962445
ab011,casgnet_no_sa,7,1.0847364746043133,0.8765099069793264
ab011,casgnet_no_sa,8,1.1630349663255872,0.8157157459865114
ab011,casgnet_no_sa,9,1.0348049280007872,0.901636149822657
ab011,casgnet_no_sa,10,1.0086481203072322,0.8861755393156746
ab011,casgnet_no_sa,11,1.026851470277738,0.8993176787576391
ab011,casgnet_no_sa,12,0.943713008494659,0.9079911018709125
ab011,casgnet_no_sa,13,0.9018813598141595,0.9050457386179428
ab011,casgnet_no_sa,14,0.8445245896087481,0.9160159977448235
ab011,casgnet_no_sa,15,0.7855362526182674,0.9216762388147197
ab011,casgnet_no_sa,16,0.7508866264966774,0.9207990696283102
ab011,casgnet_no_sa,17,0.829794868197746,0.9328529379638975
ab011,casgnet_no_sa,18,0.7836132094857201,0.931558271280113
ab011,casgnet_no_sa,19,0.674003523135214,0.9041444335999141
ab011,casgnet_no_sa,20,0.6733057522658703,0.9191463022667306
ab011,casgnet_no_sa,21,0.6235791090673647,0.9313123826804496
ab011,casgnet_no_sa,22,0.6054091643366797,0.931483282813657
ab011,casgnet_no_sa,23,0.6195878873975774,0.9198591984541286
ab011,casgnet_no_sa,24,0.5777038289784522,0.9255102948248163
ab011,casgnet_no_sa,25,0.5696303363444578,0.9363353889389135
ab011,casgnet_no_sa,26,0.5816520160587619,0.9179936894759722
ab011,casgnet_no_sa,27,0.5072584325499356,0.9399558742407631
ab011,casgnet_no_sa,28,0.47794962008410685,0.9164090440607735
ab011,casgnet_no_sa,29,0.48342598901007805,0.9093537288572296
ab011,casgnet_no_sa,30,0.5043261960346535,0.917442843483509
ab011,casgnet_no_sa,31,0.43564631406159393,0.9276700352215148
ab011,casgnet_no_sa,32,0.4172649622970093,0.9330966402772802
ab011,casgnet_no_sa,33,0.4105956359205833,0.9269848497350416
ab011,casgnet_no_sa,34,0.35686306570925097,0.9303030580859785
ab011,casgnet_no_sa,35,0.3822412653337486,0.9245400121750936
ab011,casgnet_no_sa,36,0.3410601061920493,0.9293835979074705
ab011,casgnet_no_sa,37,0.38292312143938967,0.9499942303959796
ab011,casgnet_no_sa,38,0.40027722604887334,0.9241923423506603
ab011,casgnet_no_sa,39,0.3969230114047576,0.9334767295372856
ab011,casgnet_no_sa,40,0.31726815890345555,0.9370481645692071
ab011,casgnet_no_sa,41,0.31829110762178536,0.9563560607241254
ab011,casgnet_no_sa,42,0.2230723838179189,0.9397193114400361
ab011,casgnet_no_sa,43,0.30190853122060063,0.9338067949178702
ab011,casgnet_no_sa,44,0.3373159823357268,0.935866581646353
ab011,casgnet_no_sa,45,0.3105730059926271,0.9265498483731355
ab011,casgnet_no_sa,46,0.2577020298730047,0.9367079704503534
ab011,casgnet_no_sa,47,0.2689147464868099,0.9442912475687611
ab011,casgnet_no_sa,48,0.2910016573093769,0.9181071702017006
ab011,casgnet_no_sa,49,0.23588785875152765,0.934853128131853
ab011,casgnet_no_sa,50,0.23223969685441767,0.9442879076552924
ab011,casgnet_no_sa,51,0.26650115547407377,0.9237035435604507
ab011,casgnet_no_sa,52,0.2724528368764677,0.9350729881548593
ab011,casgnet_no_sa,53,0.22121737005842898,0.929212053117043
ab011,casgnet_no_sa,54,0.20724088676156985,0.9190240997303392
ab011,casgnet_no_sa,55,0.17904139015333786,0.9341024710515204
ab011,casgnet_no_sa,56,0.14910013793964294,0.9411094900416381
ab011,casgnet_no_sa,57,0.16787632588023013,0.9443282749870479
ab011,casgnet_no_sa,58,0.1787485150469802,0.9452961368945052
ab011,casgnet_no_sa,59,0.2561664314551865,0.9342234287571872
ab011,casgnet_no_sa,60,0.21015228289746835,0.9177684311440577
ab011,casgnet_no_sa,61,0.17382665724460983,0.9323596520708051
ab011,casgnet_no_sa,62,0.18161390711013026,0.9371860822047505
ab011,casgnet_no_sa,63,0.1572994886121215,0.9351579118665562
ab011,casgnet_no_sa,64,0.1523009159560658,0.939753558508226
ab011,casgnet_no_sa,65,0.12532261264284644,0.9315488844748673
ab011,casgnet_no_sa,66,0.16049426629357444,0.9181695500164684
ab011,casgnet_no_sa,67,0.18576386721919327,0.9378415033560991
ab011,casgnet_no_sa,68,0.2216154141362815,0.9283339281811859
ab011,casgnet_no_sa,69,0.19264209414276195,0.9319412318503378
ab011,casgnet_no_sa,70,0.18802155527332293,0.9267041723173816
ab011,casgnet_no_sa,71,0.16933317777259216,0.9289093747091061
ab011,casgnet_no_sa,72,0.13426992942470117,0.9208553879089602
ab011,casgnet_no_sa,73,0.15323581285010776,0.9271484785942313
ab011,casgnet_no_sa,74,0.11886545977992229,0.9430093818891524
ab011,casgnet_no_sa,75,0.10806071091402857,0.944453225691194
ab011,casgnet_no_sa,76,0.15243030820307024,0.9257618594531778
ab011,casgnet_no_sa,77,0.1478840018318128,0.919645883785991
ab011,casgnet_no_sa,78,0.11899317278828926,0.9473755032997347
ab011,casgnet_no_sa,79,0.1549034918623609,0.9363450250199125
ab011,casgnet_no_sa,80,0.19016727587641796,0.959583510653453
ab011,casgnet_no_sa,81,0.14260284933828904,0.949661213228374
ab011,casgnet_no_sa,82,0.13089448785177904,0.9537207315025732
ab011,casgnet_no_sa,83,0.11068823574553496,0.941077743914186
ab011,casgnet_no_sa,84,0.1126984935815573,0.946293689615404
ab011,casgnet_no_sa,85,0.12467045370215242,0.941165720938334
ab011,casgnet_no_sa,86,0.12699871946831737,0.946030051335644
ab011,casgnet_no_sa,87,0.09087376135645212,0.9573231390351874
ab011,casgnet_no_sa,88,0.07745953249791132,0.9501925656088864
ab011,casgnet_no_sa,89,0.08289501436315343,0.9355582809618258
ab011,casgnet_no_sa,90,0.08985795411399247,0.9375232201446091
ab011,casgnet_no_sa,91,0.07213869460367466,0.9426267519720214
ab011,casgnet_no_sa,92,0.08901489649161211,0.9288021552294456
ab011,casgnet_no_sa,93,0.11854569863334784,0.9425596292243998
ab011,casgnet_no_sa,94,0.12948254750203453,0.937354413917044
ab011,casgnet_no_sa,95,0.15854381019445035,0.9379169160394609
ab011,casgnet_no_sa,96,0.12431503299385561,0.9400315555091316
ab011,casgnet_no_sa,97,0.14456987348626693,0.9437974886289124
ab011,casgnet_no_sa,98,0.14553826695040714,0.9397390027810049
ab011,casgnet_no_sa,99,0.12017893095571543,0.9225832072442286
ab011,casgnet_no_sa,100,0.13802558624054181,0.9180800946686808
ab011,casgnet_no_sa,101,0.21118094878152138,0.9170124317908209
ab011,casgnet_no_sa,102,0.1487607361503907,0.9371317377019628
ab011,casgnet_no_sa,103,0.1736556292928315,0.9241473652861429
ab011,casgnet_no_sa,104,0.1452184052636849,0.9078876496627235
ab011,casgnet_no_sa,105,0.1765156644244821,0.9333770747481175
ab011,casgnet_no_sa,106,0.14274495790641759,0.9287952266244685
ab011,casgnet_no_sa,107,0.1092377106498464,0.9422508329097307
ab011,casgnet_no_sa,108,0.11272941802968738,0.934319433808067
ab011,casgnet_no_sa,109,0.1266099941097784,0.9449083012117282
ab011,casgnet_no_sa,110,0.11221103447481577,0.9325921720994643
ab011,casgnet_no_sa,111,0.10821121258816184,0.9211825076638194
ab011,casgnet_no_sa,112,0.07224750930423185,0.916171676297157
ab011,casgnet_no_sa,113,0.09804644305326395,0.9413145782848572
ab011,casgnet_no_sa,114,0.11470230875494108,0.9190885020575019
ab011,casgnet_no_sa,115,0.10954099912443552,0.9337801833801276
ab011,casgnet_no_sa,116,0.10437252394971859,0.923872262860252
ab011,casgnet_no_sa,117,0.08441639714059841,0.9377607296741947
ab011,casgnet_no_sa,118,0.07686383300320447,0.9278384386147878
ab011,casgnet_no_sa,119,0.06576566616426008,0.9174261232353927
ab011,casgnet_no_sa,120,0.07573517317579222,0.9266654970259636
ab011,casgnet_no_sa,121,0.05519488802577388,0.9237520469366421
ab011,casgnet_no_sa,122,0.07144092403091624,0.9252039546662143
ab011,casgnet_no_sa,123,0.08214537785427849,0.9289582463822805
ab011,casgnet_no_sa,124,0.09836160849703451,0.9373615275270409
ab011,casgnet_no_sa,125,0.07017582000892686,0.9256226178788322
ab011,casgnet_no_sa,126,0.061096657593302045,0.9363493887404838
ab011,casgnet_no_sa,127,0.06323450451898777,0.9361862686479928
ab011,casgnet_no_sa,128,0.08282644937064305,0.9224658408868345
ab011,casgnet_no_sa,129,0.1016339889858974,0.9007963338173536
ab011,casgnet_no_sa,130,0.09532018027417766,0.9199891656105982
ab011,casgnet_no_sa,131,0.11981226009989676,0.9040321330627974
ab011,casgnet_no_sa,132,0.07847614212026786,0.9046113410331709
ab011,casgnet_no_sa,133,0.12442976339698844,0.912570464046753
ab011,casgnet_no_sa,134,0.08716434873056354,0.9297733786569476
ab011,casgnet_no_sa,135,0.06897420469397371,0.9173924989784605
ab011,casgnet_no_sa,136,0.06335403479464954,0.9389053934657634
ab011,casgnet_no_sa,137,0.07655317346375566,0.9440935147412023
ab011,casgnet_no_sa,138,0.13156291209745466,0.9494914495983201
ab011,casgnet_no_sa,139,0.08691507986150188,0.9161314339642186
ab011,casgnet_no_sa,140,0.12468175120894383,0.9384391207148456
ab011,casgnet_no_sa,141,0.13011823028361985,0.9253840639813568
ab011,casgnet_no_sa,142,0.08104054473421399,0.9440700983847936
ab011,casgnet_no_sa,143,0.09818806463517743,0.9310183641433281
ab011,casgnet_no_sa,144,0.07956813491512409,0.9127650843494458
ab011,casgnet_no_sa,145,0.06829250715807782,0.9436794551216092
ab011,casgnet_no_sa,146,0.061220715323460836,0.9408307547568379
ab011,casgnet_no_sa,147,0.07297830112431247,0.9372235140382842
ab011,casgnet_no_sa,148,0.07807410005547456,0.928573349289115
ab011,casgnet_no_sa,149,0.06100261615492646,0.9422209829862034
ab011,casgnet_no_sa,150,0.07546178494614916,0.9372221010804964
ab011,casgnet_no_sa,151,0.08801071965040143,0.9342575116843905
ab011,casgnet_no_sa,152,0.0905959004776685,0.9293571625938902
ab011,casgnet_no_sa,153,0.11680070379135549,0.9324036634604214
ab011,casgnet_no_sa,154,0.0828450672661007,0.9319661506574587
ab011,casgnet_no_sa,155,0.09222859046697185,0.9141388342357645
ab011,casgnet_no_sa,156,0.08657607781746851,0.9300863413951312
ab011,casgnet_no_sa,157,0.0726828395655273,0.9381752836283235
ab011,casgnet_no_sa,158,0.06099138538318319,0.9323034276387273
ab011,casgnet_no_sa,159,0.05144002076476561,0.9398388706477528
ab011,casgnet_no_sa,160,0.0623156491338991,0.9444393184337326
ab011,casgnet_no_sa,161,0.04561949341105178,0.93824981935575
ab011,casgnet_no_sa,162,0.09893253367434653,0.9383361835727818
ab011,casgnet_no_sa,163,0.09855473556289555,0.9270984803476885
ab011,casgnet_no_sa,164,0.07554086902829289,0.9450802664890452
ab011,casgnet_no_sa,165,0.08608016460477874,0.9350065328107157
ab011,casgnet_no_sa,166,0.09497131380747972,0.9415182325461801
ab011,casgnet_no_sa,167,0.09412653382925994,0.9462464609740048
ab011,casgnet_no_sa,168,0.08156710438457272,0.9336528463934661
ab011,casgnet_no_sa,169,0.06159065344086674,0.9298434411702046
ab011,casgnet_no_sa,170,0.053905805184160986,0.9255889705129097
ab011,casgnet_no_sa,171,0.053427886168401696,0.9289938668362614
ab011,casgnet_no_sa,172,0.059158224695608184,0.9264862243424099
ab011,casgnet_no_sa,173,0.05832056710170751,0.921090643627627
ab011,casgnet_no_sa,174,0.04475322446647685,0.9278093775253293
ab011,casgnet_no_sa,175,0.07165310566905612,0.9212089382304866
ab011,casgnet_no_sa,176,0.0694647335297955,0.9247027609226297
ab011,casgnet_no_sa,177,0.10308840119957349,0.9282192832919235
ab011,casgnet_no_sa,178,0.09747661083073898,0.918918366288688
ab011,casgnet_no_sa,179,0.133742828582682,0.9321488333687703
ab011,casgnet_no_sa,180,0.09818270482741907,0.928056271213715
ab011,casgnet_no_sa,181,0.10531542356720304,0.9288074877203145
ab011,casgnet_no_sa,182,0.0962275381641523,0.9318775977002146
ab011,casgnet_no_sa,183,0.07806859067467067,0.933503489023065
ab011,casgnet_no_sa,184,0.06782612960394674,0.9158800375150823
ab011,casgnet_no_sa,185,0.06928152653902087,0.9100438304150976
ab011,casgnet_no_sa,186,0.09056207004696383,0.9247707785453965
ab011,casgnet_no_sa,187,0.06377173534204647,0.9354807120295571
ab011,casgnet_no_sa,188,0.04003341048472843,0.9458042587159691
ab011,casgnet_no_sa,189,0.045140214638494686,0.9400970698858131
ab011,casgnet_no_sa,190,0.04854995466148609,0.9337141067056655
ab011,casgnet_no_sa,191,0.08374633198768008,0.9192709309029033
ab011,casgnet_no_sa,192,0.0740221707089675,0.9425894828186012
ab011,casgnet_no_sa,193,0.042314854530287306,0.9351139454019836
ab011,casgnet_no_sa,194,0.06213051547151423,0.9388220958203949
ab011,casgnet_no_sa,195,0.054783236715084324,0.9266214186196409
ab011,casgnet_no_sa,196,0.06201695960882345,0.9169154193133874
ab011,casgnet_no_sa,197,0.056833036418608755,0.9325924819038826
ab011,casgnet_no_sa,198,0.0494298887527823,0.9243081602151093
ab011,casgnet_no_sa,199,0.048473534236052065,0.9377091909039624
ab011,casgnet_no_sa,200,0.06012591625259351,0.9335941473859698
ab100,casgnet_only_sa,1,1.9250455886233413,0.0
ab100,casgnet_only_sa,2,1.7698278116518396,0.5961345468230531
ab100,casgnet_only_sa,3,1.654342122187229,0.6770685028663792
ab100,casgnet_only_sa,4,1.575443770974623,0.7724080143504832
ab100,casgnet_only_sa,5,1.4854261205049706,0.799018429503322
ab100,casgnet_only_sa,6,1.3909248895898227,0.8197947445762065
ab100,casgnet_only_sa,7,1.3504173955526226,0.8184952590840735
ab100,casgnet_only_sa,8,1.235630215005219,0.887324738174371
ab100,casgnet_only_sa,9,1.1349838960587764,0.8944638727455381
ab100,casgnet_only_sa,10,1.1133660056478871,0.8669638625329305
ab100,casgnet_only_sa,11,1.0783492397197911,0.9082282429561749
ab100,casgnet_only_sa,12,0.9982219176643289,0.9182958792537763
ab100,casgnet_only_sa,13,0.9628562637491307,0.8831555472027199
ab100,casgnet_only_sa,14,0.9113090325897364,0.9059842455098573
ab100,casgnet_only_sa,15,0.9026025254706278,0.8704098855848479
ab100,casgnet_only_sa,16,0.918453181250104,0.8964129709497671
ab100,casgnet_only_sa,17,0.8647446607220446,0.9021394362345739
ab100,casgnet_only_sa,18,0.8235232120400028,0.836392767427915
ab100,casgnet_only_sa,19,0.8127565503264221,0.8927495226207662
ab100,casgnet_only_sa,20,0.8000965077425516,0.9082765828934889
ab100,casgnet_only_sa,21,0.7593775900626787,0.9358279245261719
ab100,casgnet_only_sa,22,0.7900359521297552,0.8945221921477249
ab100,casgnet_only_sa,23,0.6786617803487329,0.9236691997723459
ab100,casgnet_only_sa,24,0.6481099097806381,0.9310713000950254
ab100,casgnet_only_sa,25,0.6708741292303521,0.9305974891136313
ab100,casgnet_only_sa,26,0.6374377661504849,0.9329952233083897
ab100,casgnet_only_sa,27,0.5553457619772889,0.9247710936818627
ab100,casgnet_only_sa,28,0.5960049537180129,0.9480876484994336
ab100,casgnet_only_sa,29,0.6208624923186078,0.9182742205997023
ab100,casgnet_only_sa,30,0.5663433250385832,0.9349049582298166
ab100,casgnet_only_sa,31,0.551772109777706,0.9288923863956072
ab100,casgnet_only_sa,32,0.5238361872364155,0.9238902635310018
ab100,casgnet_only_sa,33,0.5286047887169408,0.9382056018599257
ab100,casgnet_only_sa,34,0.5099910448054784,0.8966289003708835
ab100,casgnet_only_sa,35,0.48589279827076504,0.9226234551584712
ab100,casgnet_only_sa,36,0.5115744894318759,0.9245057246931639
ab100,casgnet_only_sa,37,0.48788391210057913,0.9381595287548603
ab100,casgnet_only_sa,38,0.4996602745194199,0.9256208156495292
ab100,casgnet_only_sa,39,0.5264934729178076,0.919118111990079
ab100,casgnet_only_sa,40,0.44715167475983375,0.9268449954751646
ab100,casgnet_only_sa,41,0.42643804817636854,0.9232596782775341
ab100,casgnet_only_sa,42,0.4261920386329922,0.9230661327574327
ab100,casgnet_only_sa,43,0.3837642952961571,0.9351968251031977
ab100,casgnet_only_sa,44,0.41084843676254174,0.9571082288767216
ab100,casgnet_only_sa,45,0.37174528290768155,0.9287038333916383
ab100,casgnet_only_sa,46,0.3872603037820363,0.9409117713306737
ab100,casgnet_only_sa,47,0.3542334923051091,0.9250844869330782
ab100,casgnet_only_sa,48,0.3312854212500937,0.9436133159640708
ab100,casgnet_only_sa,49,0.3964716771615285,0.9456560479122544
ab100,casgnet_only_sa,50,0.3604621294755556,0.9482683139258521
ab100,casgnet_only_sa,51,0.32519834230691014,0.9437421491437862
ab100,casgnet_only_sa,52,0.30223628245878276,0.9373375441362038
ab100,casgnet_only_sa,53,0.2588009017871286,0.9215023112475762
ab100,casgnet_only_sa,54,0.2908164626942325,0.932516363594166
ab100,casgnet_only_sa,55,0.3672237014094653,0.9388152142966847
ab100,casgnet_only_sa,56,0.3885823103213914,0.9361486750791047
ab100,casgnet_only_sa,57,0.35407928800697924,0.9482074628039708
ab100,casgnet_only_sa,58,0.22845360320353536,0.9322885507460361
ab100,casgnet_only_sa,59,0.28099214228991287,0.9248432072172079
ab100,casgnet_only_sa,60,0.2912236969059713,0.9291914710647543
ab100,casgnet_only_sa,61,0.2930647218004498,0.9236731939499546
ab100,casgnet_only_sa,62,0.23006288878017514,0.9330451314777237
ab100,casgnet_only_sa,63,0.23417868351044788,0.9224557260563352
ab100,casgnet_only_sa,64,0.2158442282885205,0.9059049410616925
ab100,casgnet_only_sa,65,0.243936213791658,0.9212985593107363
ab100,casgnet_only_sa,66,0.24053495935421657,0.9272805502385343
ab100,casgnet_only_sa,67,0.21643431328317944,0.9239351586015764
ab100,casgnet_only_sa,68,0.1686019923704237,0.9291353188002959
ab100,casgnet_only_sa,69,0.17239161759650895,0.9269718232717408
ab100,casgnet_only_sa,70,0.1543938298996165,0.935033679668684
ab100,casgnet_only_sa,71,0.1608050083797717,0.9302960713177126
ab100,casgnet_only_sa,72,0.22896276035124774,0.951088690389741
ab100,casgnet_only_sa,73,0.19710228594853593,0.9250094723617719
ab100,casgnet_only_sa,74,0.18569154123381337,0.927814849650363
ab100,casgnet_only_sa,75,0.17734920564000872,0.9223989421683706
ab100,casgnet_only_sa,76,0.14983192369323875,0.9374683077814286
ab100,casgnet_only_sa,77,0.18812250490643004,0.9358213108580282
ab100,casgnet_only_sa,78,0.24129561328557203,0.9065954235686595
ab100,casgnet_only_sa,79,0.23259621642898448,0.925070136317854
ab100,casgnet_only_sa,80,0.1958366528207344,0.9040160603596407
ab100,casgnet_only_sa,81,0.19589198506532735,0.9404758058732402
ab100,casgnet_only_sa,82,0.13023626155459261,0.9292125706045218
ab100,casgnet_only_sa,83,0.18575392397450882,0.8946117814097515
ab100,casgnet_only_sa,84,0.1945393255881435,0.9165330258060609
ab100,casgnet_only_sa,85,0.15578948096141884,0.9399006291860807
ab100,casgnet_only_sa,86,0.20309088133787792,0.9394080201226614
ab100,casgnet_only_sa,87,0.1930622237277261,0.9278555214787473
ab100,casgnet_only_sa,88,0.13923387412336824,0.9480546723506003
ab100,casgnet_only_sa,89,0.11629136485486899,0.9348035919050591
ab100,casgnet_only_sa,90,0.14628607564941679,0.9403583524571498
ab100,casgnet_only_sa,91,0.138852187372807,0.9331590708915615
ab100,casgnet_only_sa,92,0.18392163424767258,0.9286785387834401
ab100,casgnet_only_sa,93,0.13232938250564982,0.9303319162578204
ab100,casgnet_only_sa,94,0.0967015452206638,0.9328653144177005
ab100,casgnet_only_sa,95,0.1346105473482278,0.9444142704915189
ab100,casgnet_only_sa,96,0.13919307473053835,0.9360959298965409
ab100,casgnet_only_sa,97,0.13093767905174175,0.9204875021434769
ab100,casgnet_only_sa,98,0.13664967702438804,0.9161633856395631
ab100,casgnet_only_sa,99,0.14107415870065712,0.9086028672626497
ab100,casgnet_only_sa,100,0.1290101642541776,0.9168311360778311
ab100,casgnet_only_sa,101,0.14528633293721588,0.9209684915059883
ab100,casgnet_only_sa,102,0.16363241786835997,0.9314005035051276
ab100,casgnet_only_sa,103,0.159645024952181,0.9318158173055812
ab100,casgnet_only_sa,104,0.15646454047488073,0.9331895469390127
ab100,casgnet_only_sa,105,0.12461460893131136,0.9353337716728392
ab100,casgnet_only_sa,106,0.12104441090717247,0.9363070264083865
ab100,casgnet_only_sa,107,0.15325259553005668,0.9245764671313503
ab100,casgnet_only_sa,108,0.1455401369652501,0.9281561796630806
ab100,casgnet_only_sa,109,0.10962680884074101,0.9328905623232089
ab100,casgnet_only_sa,110,0.1186005210973529,0.9409786807461312
ab100,casgnet_only_sa,111,0.152232496977859,0.9324807855538972
ab100,casgnet_only_sa,112,0.1492043178892538,0.9199959048400759
ab100,casgnet_only_sa,113,0.12917720844611902,0.9311599960915066
ab100,casgnet_only_sa,114,0.13353751078517648,0.9085210331127873
ab100,casgnet_only_sa,115,0.14911182303839915,0.906045524717353
ab100,casgnet_only_sa,116,0.11487216494788738,0.9351026047240628
ab100,casgnet_only_sa,117,0.12343062946642552,0.935446155531961
ab100,casgnet_only_sa,118,0.17401021089858687,0.9245048075287389
ab100,casgnet_only_sa,119,0.15295402579845363,0.9297337089557153
ab100,casgnet_only_sa,120,0.09354560419162163,0.9341639638936038
ab100,casgnet_only_sa,121,0.08841390221124679,0.9421332967178945
ab100,casgnet_only_sa,122,0.07892331051830072,0.9299979839289394
ab100,casgnet_only_sa,123,0.0702804935909583,0.9460181544711055
ab100,casgnet_only_sa,124,0.10971050758467508,0.9403832254837425
ab100,casgnet_only_sa,125,0.07694345891736314,0.948412592580904
ab100,casgnet_only_sa,126,0.07828838237987065,0.9326077268438064
ab100,casgnet_only_sa,127,0.09270871293127753,0.9217594511402084
ab100,casgnet_only_sa,128,0.09156981063950514,0.942468132759625
ab100,casgnet_only_sa,129,0.11569177027931044,0.9284288582983404
ab100,casgnet_only_sa,130,0.09036415840518201,0.9422800213058891
ab100,casgnet_only_sa,131,0.0816628724354599,0.9327472379298444
ab100,casgnet_only_sa,132,0.10430968644499634,0.9341664902688052
ab100,casgnet_only_sa,133,0.11975738928351097,0.9438097171622533
ab100,casgnet_only_sa,134,0.14564138138161206,0.9368939711008837
ab100,casgnet_only_sa,135,0.15394525080739518,0.9379151508124509
ab100,casgnet_only_sa,136,0.12250716152035859,0.9342641789795486
ab100,casgnet_only_sa,137,0.140016114772876,0.9217947510668508
ab100,casgnet_only_sa,138,0.1964178489042565,0.922829898667005
ab100,casgnet_only_sa,139,0.15261692073829786,0.9424196839844147
ab100,casgnet_only_sa,140,0.10462193295305687,0.9267654202519331
ab100,casgnet_only_sa,141,0.10461624862291413,0.9385658823533424
ab100,casgnet_only_sa,142,0.08878328845318322,0.9454131455734526
ab100,casgnet_only_sa,143,0.08177738112315482,0.9458778513584024
ab100,casgnet_only_sa,144,0.06609521568971893,0.9415364094060834
ab100,casgnet_only_sa,145,0.03806537310665853,0.9476858133678497
ab100,casgnet_only_sa,146,0.08943292697210795,0.9345583010834136
ab100,casgnet_only_sa,147,0.07136532971444479,0.9425618216624773
ab100,casgnet_only_sa,148,0.07157061500778136,0.9379759473751081
ab100,casgnet_only_sa,149,0.08336047758095515,0.9239484189381573
ab100,casgnet_only_sa,150,0.06054231339888097,0.9443607942610494
ab100,casgnet_only_sa,151,0.07667471146698596,0.9493149067534772
ab100,casgnet_only_sa,152,0.07054336455766341,0.9353512990247089
ab100,casgnet_only_sa,153,0.11765737626679125,0.9377053178348208
ab100,casgnet_only_sa,154,0.10976229129028837,0.90699494250141
ab100,casgnet_only_sa,155,0.12252755234842565,0.9286887349393211
ab100,casgnet_only_sa,156,0.16451673707570902,0.9257605242169653
ab100,casgnet_only_sa,157,0.17950010335632344,0.9431221595991978
ab100,casgnet_only_sa,158,0.1793824474544088,0.9418275416256302
ab100,casgnet_only_sa,159,0.10929480698341627,0.9453383399108547
ab100,casgnet_only_sa,160,0.13087368361984433,0.9378152756485745
ab100,casgnet_only_sa,161,0.09789881654829685,0.9362212081401262
ab100,casgnet_only_sa,162,0.09376970890671267,0.94008857487022
ab100,casgnet_only_sa,163,0.08736564453120542,0.9367761688903402
ab100,casgnet_only_sa,164,0.0807194365019965,0.944012173130729
ab100,casgnet_only_sa,165,0.06161637118915309,0.928359657292533
ab100,casgnet_only_sa,166,0.06206364970568869,0.9311136470376663
ab100,casgnet_only_sa,167,0.0738713379828001,0.9429967022868345
ab100,casgnet_only_sa,168,0.08775008469820023,0.928229950625868
ab100,casgnet_only_sa,169,0.09496940267064459,0.9403427193991002
ab100,casgnet_only_sa,170,0.08056360806717085,0.9210748736953496
ab100,casgnet_only_sa,171,0.10499357303606731,0.9314820056033781
ab100,casgnet_only_sa,172,0.08404915997324865,0.930128073560693
ab100,casgnet_only_sa,173,0.05616250907411334,0.9270673375785095
ab100,casgnet_only_sa,174,0.06645929984370891,0.9232780656951926
ab100,casgnet_only_sa,175,0.08369040722869993,0.9432782543338302
ab100,casgnet_only_sa,176,0.0708432199907533,0.9451361853436598
ab100,casgnet_only_sa,177,0.0707454247663047,0.934762513173958
ab100,casgnet_only_sa,178,0.06530976410510313,0.9472098627360447
ab100,casgnet_only_sa,179,0.06853276772921134,0.9263990483737043
ab100,casgnet_only_sa,180,0.10331111779690363,0.9343862321634318
ab100,casgnet_only_sa,181,0.0659176673654768,0.9407637818974631
ab100,casgnet_only_sa,182,0.10847777428399812,0.9424791081682949
ab100,casgnet_only_sa,183,0.07573860555222152,0.9322093019029645
ab100,casgnet_only_sa,184,0.06388094143625192,0.9299162488252829
ab100,casgnet_only_sa,185,0.060258164624397086,0.92655528789368
ab100,casgnet_only_sa,186,0.06858291017707208,0.9499445647518606
ab100,casgnet_only_sa,187,0.07874133305756692,0.9488342971385312
ab100,casgnet_only_sa,188,0.1003013765585437,0.9484471842697031
ab100,casgnet_only_sa,189,0.09371556613068528,0.9234802361604506
ab100,casgnet_only_sa,190,0.09524310478183415,0.9019492824435346
ab100,casgnet_only_sa,191,0.0901272947595548,0.9355280007542791
ab100,casgnet_only_sa,192,0.061963062492998,0.9344761056840659
ab100,casgnet_only_sa,193,0.06938879628664622,0.9201769726697011
ab100,casgnet_only_sa,194,0.09446530098003415,0.9338308249278436
ab100,casgnet_only_sa,195,0.08697104914197012,0.952176780014895
ab100,casgnet_only_sa,196,0.1078425409638551,0.9310907803352596
ab100,casgnet_only_sa,197,0.10630392728977812,0.9492236390148168
ab100,casgnet_only_sa,198,0.13974057182903313,0.9208510780544642
ab100,casgnet_only_sa,199,0.09182976504430553,0.9360107858546683
ab100,casgnet_only_sa,200,0.08654451298143206,0.9421924087394261
ab101,casgnet_no_grn,1,1.8495339124999375,0.5750353155541988
ab101,casgnet_no_grn,2,1.6970197157923075,0.6671096327523223
ab101,casgnet_no_grn,3,1.5776437344108185,0.7452415863131318
ab101,casgnet_no_grn,4,1.5816989884014152,0.7346040880391873
ab101,casgnet_no_grn,5,1.4714434880255503,0.8264255527723147
ab101,casgnet_no_grn,6,1.4458872984344335,0.7736405528303195
ab101,casgnet_no_grn,7,1.4451041713410897,0.8035222802254889
ab101,casgnet_no_grn,8,1.3091032733675654,0.8413767984791455
ab101,casgnet_no_grn,9,1.2191580151476245,0.8439251555398205
ab101,casgnet_no_grn,10,1.125684725792474,0.8679878802708524
ab101,casgnet_no_grn,11,1.0500134597785222,0.8796131514802207
ab101,casgnet_no_grn,12,1.0380121157454063,0.8541297868021503
ab101,casgnet_no_grn,13,0.9861413812033374,0.870366538911504
ab101,casgnet_no_grn,14,0.9409765965688358,0.8892788454741896
ab101,casgnet_no_grn,15,0.9213930749490552,0.8686458121805612
ab101,casgnet_no_grn,16,0.9712547769880122,0.8951572046393278
ab101,casgnet_no_grn,17,0.9269274437240582,0.9078571921182591
ab101,casgnet_no_grn,18,0.8319146479283368,0.8852477800906664
ab101,casgnet_no_grn,19,0.7947454839333694,0.8674607998738584
ab101,casgnet_no_grn,20,0.7916347224117044,0.8985378876814549
ab101,casgnet_no_grn,21,0.755219600600414,0.9088189336299444
ab101,casgnet_no_grn,22,0.6698733108754037,0.8910365897456837
ab101,casgnet_no_grn,23,0.7224731973773464,0.9015105055582451
ab101,casgnet_no_grn,24,0.7265483273240424,0.885518714128163
ab101,casgnet_no_grn,25,0.7064356312820793,0.8983568730644675
ab101,casgnet_no_grn,26,0.6512084011577151,0.8995577168766904
ab101,casgnet_no_grn,27,0.635209754594704,0.9210576816639647
ab101,casgnet_no_grn,28,0.6265182861085392,0.8885466885153941
ab101,casgnet_no_grn,29,0.6250237532058872,0.9230171241966575
ab101,casgnet_no_grn,30,0.5825925158792871,0.9035382040422304
ab101,casgnet_no_grn,31,0.577706424261031,0.8919646861821565
ab101,casgnet_no_grn,32,0.5594357999515763,0.9148479083298332
ab101,casgnet_no_grn,33,0.5028136799648961,0.9061707857610547
ab101,casgnet_no_grn,34,0.5430234555599917,0.8960493327162106
ab101,casgnet_no_grn,35,0.526577278054954,0.8950561688480142
ab101,casgnet_no_grn,36,0.4987966269434433,0.9204455179434848
ab101,casgnet_no_grn,37,0.4829140122175504,0.9120656393998289
ab101,casgnet_no_grn,38,0.4443234036282262,0.9177214001409727
ab101,casgnet_no_grn,39,0.4546979603922698,0.9201903646650218
ab101,casgnet_no_grn,40,0.3939817808433666,0.9151416363880278
ab101,casgnet_no_grn,41,0.4010943277897392,0.9075871312559525
ab101,casgnet_no_grn,42,0.438950689983598,0.8877507826666378
ab101,casgnet_no_grn,43,0.4076233998354439,0.9079382814142116
ab101,casgnet_no_grn,44,0.3904251995506563,0.9358255048841173
ab101,casgnet_no_grn,45,0.3647803853662512,0.922295449642638
ab101,casgnet_no_grn,46,0.3436141201756688,0.9256412524718552
ab101,casgnet_no_grn,47,0.33369666992251923,0.9252946309222126
ab101,casgnet_no_grn,48,0.36516188669262234,0.9219035947222063
ab101,casgnet_no_grn,49,0.3337270636718149,0.929639305215569
ab101,casgnet_no_grn,50,0.30470314949067856,0.9284819439629174
ab101,casgnet_no_grn,51,0.34912728544311156,0.8872553694327102
ab101,casgnet_no_grn,52,0.3405716226529442,0.9040075660377974
ab101,casgnet_no_grn,53,0.3103997343915219,0.8954433704665158
ab101,casgnet_no_grn,54,0.26815380945136663,0.9279701560620326
ab101,casgnet_no_grn,55,0.24388121388430187,0.9032215789958429
ab101,casgnet_no_grn,56,0.2851182940641847,0.9279913200494221
ab101,casgnet_no_grn,57,0.29398407651374364,0.9018093259139628
ab101,casgnet_no_grn,58,0.33083824180650767,0.9062414930566354
ab101,casgnet_no_grn,59,0.24468681060757366,0.9233383482224385
ab101,casgnet_no_grn,60,0.2598685169967725,0.8771115357181355
ab101,casgnet_no_grn,61,0.2329935234116415,0.9244359876376017
ab101,casgnet_no_grn,62,0.2604973404988449,0.9128407879515023
ab101,casgnet_no_grn,63,0.22780158432746536,0.9095430310270618
ab101,casgnet_no_grn,64,0.19693887805334764,0.9141918637395767
ab101,casgnet_no_grn,65,0.19788633205167347,0.8929343103615032
ab101,casgnet_no_grn,66,0.1802788651464069,0.9219552944547862
ab101,casgnet_no_grn,67,0.21828305972931036,0.910301498237906
ab101,casgnet_no_grn,68,0.24373802959703278,0.906860747702604
ab101,casgnet_no_grn,69,0.20423965745653835,0.907527509229552
ab101,casgnet_no_grn,70,0.23346616987440066,0.9152481421260941
ab101,casgnet_no_grn,71,0.2239825514890029,0.9193821749366905
ab101,casgnet_no_grn,72,0.2216297788376975,0.9265840352497496
ab101,casgnet_no_grn,73,0.21016399929046056,0.9068849745011597
ab101,casgnet_no_grn,74,0.13209342530538723,0.9167952951908772
ab101,casgnet_no_grn,75,0.13765420016031646,0.9224859630250348
ab101,casgnet_no_grn,76,0.13584207765874876,0.9152090474306309
ab101,casgnet_no_grn,77,0.1429168072554976,0.9060319730272284
ab101,casgnet_no_grn,78,0.12901703103819573,0.9213982072801767
ab101,casgnet_no_grn,79,0.10901421554323704,0.9290743471102728
ab101,casgnet_no_grn,80,0.16890576275108232,0.9101551871385457
ab101,casgnet_no_grn,81,0.1295903050964215,0.9194116804164084
ab101,casgnet_no_grn,82,0.19038586674395172,0.9098106163252778
ab101,casgnet_no_grn,83,0.1678046947940555,0.8921382377586419
ab101,casgnet_no_grn,84,0.18842603508899813,0.918659219964285
ab101,casgnet_no_grn,85,0.12069767425050207,0.9161357335197388
ab101,casgnet_no_grn,86,0.13601041897070854,0.9243292347045945
ab101,casgnet_no_grn,87,0.14239822373027824,0.9242376906372757
ab101,casgnet_no_grn,88,0.1678506807481423,0.8977848604540055
ab101,casgnet_no_grn,89,0.2134946641142607,0.8956715793892828
ab101,casgnet_no_grn,90,0.1737425945097057,0.9018767088525746
ab101,casgnet_no_grn,91,0.1363258128143191,0.917412929214919
ab101,casgnet_no_grn,92,0.13845594691065455,0.9165179113844645
ab101,casgnet_no_grn,93,0.13840657096935843,0.9040167517711454
ab101,casgnet_no_grn,94,0.12122753799968232,0.9194271351053767
ab101,casgnet_no_grn,95,0.14082898634549937,0.8949309108132303
ab101,casgnet_no_grn,96,0.22175374348502971,0.8918577999929914
ab101,casgnet_no_grn,97,0.2082590587769688,0.914041745403584
ab101,casgnet_no_grn,98,0.15478260914904074,0.9046381186862386
ab101,casgnet_no_grn,99,0.22269227029474856,0.8943416118874209
ab101,casgnet_no_grn,100,0.1336041402220007,0.9234741111680246
ab101,casgnet_no_grn,101,0.11451644019029396,0.9144733957746733
ab101,casgnet_no_grn,102,0.13052903877883537,0.9176067006965274
ab101,casgnet_no_grn,103,0.08772508081484617,0.912474835702333
ab101,casgnet_no_grn,104,0.11341372164656083,0.9231516020316407
ab101,casgnet_no_grn,105,0.1433073404470888,0.9112303624202961
ab101,casgnet_no_grn,106,0.17618973783258937,0.9214858324458598
ab101,casgnet_no_grn,107,0.12472122513989056,0.9239422143418539
ab101,casgnet_no_grn,108,0.10734026477334008,0.9075428124883921
ab101,casgnet_no_grn,109,0.08221792613253878,0.9070164542570265
ab101,casgnet_no_grn,110,0.10299382882756693,0.9046631113964648
ab101,casgnet_no_grn,111,0.07255506657504344,0.8926867945413426
ab101,casgnet_no_grn,112,0.11299398291599909,0.9125987586225569
ab101,casgnet_no_grn,113,0.10098387714390013,0.9198136624460421
ab101,casgnet_no_grn,114,0.1290891948903139,0.9093420341835612
ab101,casgnet_no_grn,115,0.1197320433699754,0.9068977884254353
ab101,casgnet_no_grn,116,0.11622986084229983,0.9247154329169992
ab101,casgnet_no_grn,117,0.11707497557088176,0.9178745491195309
ab101,casgnet_no_grn,118,0.10865921310550197,0.904160673462968
ab101,casgnet_no_grn,119,0.09574002478680652,0.9206614182043198
ab101,casgnet_no_grn,120,0.13793024020348152,0.9030717507910307
ab101,casgnet_no_grn,121,0.12881449587526309,0.9107848208287564
ab101,casgnet_no_grn,122,0.11289406405139459,0.9123914172606841
ab101,casgnet_no_grn,123,0.09209295146760449,0.9151269029140457
ab101,casgnet_no_grn,124,0.14219534279389892,0.9211838614676625
ab101,casgnet_no_grn,125,0.10073655076208103,0.9068720897299478
ab101,casgnet_no_grn,126,0.10049412652975975,0.9097359535702678
ab101,casgnet_no_grn,127,0.05775189353433967,0.9254763047870254
ab101,casgnet_no_grn,128,0.10279486263653913,0.9243931621997857
ab101,casgnet_no_grn,129,0.08285350083801514,0.9219193699240724
ab101,casgnet_no_grn,130,0.13436124436961727,0.9263402253198842
ab101,casgnet_no_grn,131,0.14711762826543737,0.9090596611766495
ab101,casgnet_no_grn,132,0.1492393678739505,0.9314492192354462
ab101,casgnet_no_grn,133,0.1186684483642026,0.915749110124186
ab101,casgnet_no_grn,134,0.12279857321225547,0.9178043683321365
ab101,casgnet_no_grn,135,0.11072976738034744,0.9198828483432328
ab101,casgnet_no_grn,136,0.11598628730624375,0.9195132069030653
ab101,casgnet_no_grn,137,0.1349271657023988,0.9346052633799606
ab101,casgnet_no_grn,138,0.10297627339029485,0.9294076453719119
ab101,casgnet_no_grn,139,0.10491795429849797,0.9095987335652708
ab101,casgnet_no_grn,140,0.09960993728066814,0.9251348447758512
ab101,casgnet_no_grn,141,0.10953706635928413,0.9087418756423532
ab101,casgnet_no_grn,142,0.07572145772641761,0.9337954563388765
ab101,casgnet_no_grn,143,0.09483518952052182,0.9318934020672798
ab101,casgnet_no_grn,144,0.12216326925988939,0.9187457239453894
ab101,casgnet_no_grn,145,0.10056532290286696,0.9303010448969228
ab101,casgnet_no_grn,146,0.07636565005067462,0.9206684104811906
ab101,casgnet_no_grn,147,0.11810374596977406,0.9065589751855782
ab101,casgnet_no_grn,148,0.11239387365496202,0.9148050969048864
ab101,casgnet_no_grn,149,0.08819654346662781,0.8986605158477062
ab101,casgnet_no_grn,150,0.09681105723355159,0.9238681888882637
ab101,casgnet_no_grn,151,0.09418986647404434,0.9078603016369243
ab101,casgnet_no_grn,152,0.08133384677951097,0.9271939433578068
ab101,casgnet_no_grn,153,0.07277035093063038,0.9048800921395667
ab101,casgnet_no_grn,154,0.06905493864607609,0.9003029856523004
ab101,casgnet_no_grn,155,0.07960061024564383,0.9144941256443747
ab101,casgnet_no_grn,156,0.11352190497557131,0.9094550883881244
ab101,casgnet_no_grn,157,0.09296281132240419,0.9107305372376233
ab101,casgnet_no_grn,158,0.10517418663162374,0.899883639881714
ab101,casgnet_no_grn,159,0.1111652150736679,0.893093085700471
ab101,casgnet_no_grn,160,0.12013355246211421,0.9339978554887534
ab101,casgnet_no_grn,161,0.12871222282491346,0.9100279144623229
ab101,casgnet_no_grn,162,0.08834643288098716,0.9224806731785096
ab101,casgnet_no_grn,163,0.10422119318504242,0.9192401802782453
ab101,casgnet_no_grn,164,0.1338918899041033,0.911564255181261
ab101,casgnet_no_grn,165,0.09022855026191337,0.9373336813552597
ab101,casgnet_no_grn,166,0.08785183015936678,0.9043526118514265
ab101,casgnet_no_grn,167,0.060180856878852385,0.8956024966562266
ab101,casgnet_no_grn,168,0.06289073929136711,0.9298855346821095
ab101,casgnet_no_grn,169,0.07540101241163091,0.9013800460800461
ab101,casgnet_no_grn,170,0.058918147079367975,0.9068809771430717
ab101,casgnet_no_grn,171,0.04815472956057031,0.9034806126640208
ab101,casgnet_no_grn,172,0.07989763248536569,0.9027449547384603
ab101,casgnet_no_grn,173,0.08413835847694134,0.9059818707898647
ab101,casgnet_no_grn,174,0.09801244746502691,0.9095090788333168
ab101,casgnet_no_grn,175,0.09488892561078646,0.8930337302918819
ab101,casgnet_no_grn,176,0.07326511379030272,0.9149929436176037
ab101,casgnet_no_grn,177,0.10203930803892552,0.9166625191225598
ab101,casgnet_no_grn,178,0.09802335933012611,0.9153770288845587
ab101,casgnet_no_grn,179,0.07842705113896414,0.9124326157378579
ab101,casgnet_no_grn,180,0.088637604967964,0.9119106928122952
ab101,casgnet_no_grn,181,0.12138522255478204,0.9114975950086882
ab101,casgnet_no_grn,182,0.10717928822099515,0.9093086829233706
ab101,casgnet_no_grn,183,0.11905409138654195,0.9103257475567598
ab101,casgnet_no_grn,184,0.08330749543282609,0.9135925857186852
ab101,casgnet_no_grn,185,0.11879211356380305,0.9308689259704835
ab101,casgnet_no_grn,186,0.08616239159616257,0.9145375536699506
ab101,casgnet_no_grn,187,0.11757781654955826,0.9206981401812702
ab101,casgnet_no_grn,188,0.11513929678839424,0.9126067920367961
ab101,casgnet_no_grn,189,0.12264688467591174,0.911510057848032
ab101,casgnet_no_grn,190,0.05555706990902976,0.9136072683830788
ab101,casgnet_no_grn,191,0.07931756557485559,0.9146142282443916
ab101,casgnet_no_grn,192,0.07129849500693515,0.9204256760309406
ab101,casgnet_no_grn,193,0.07000280135683042,0.9138989759458418
ab101,casgnet_no_grn,194,0.06343912382231547,0.9364159319673618
ab101,casgnet_no_grn,195,0.07310860533047067,0.9140494494263455
ab101,casgnet_no_grn,196,0.056473158403278406,0.8936437371494624
ab101,casgnet_no_grn,197,0.058915763104781596,0.9022174635041502
ab101,casgnet_no_grn,198,0.07582690768995388,0.9003083313229743
ab101,casgnet_no_grn,199,0.06109963429348029,0.9202556124151761
ab101,casgnet_no_grn,200,0.07358687951154243,0.8997785743508203
ab110,casgnet_no_skunit,1,1.9254143026683241,0.5333484230043455
ab110,casgnet_no_skunit,2,1.7609829432426518,0.6321842970642698
ab110,casgnet_no_skunit,3,1.6802620148629992,0.7003930059344311
ab110,casgnet_no_skunit,4,1.6493528615436164,0.7025241929936981
ab110,casgnet_no_skunit,5,1.5556018868746602,0.6959588105475839
ab110,casgnet_no_skunit,6,1.4964653431865935,0.7243095049165472
ab110,casgnet_no_skunit,7,1.4500618799172782,0.7809504260414297
ab110,casgnet_no_skunit,8,1.411466347150262,0.7913117907698222
ab110,casgnet_no_skunit,9,1.3892146203716356,0.8296150705922064
ab110,casgnet_no_skunit,10,1.2874689340879029,0.8301298663972875
ab110,casgnet_no_skunit,11,1.2365114303492235,0.8696380111114601
ab110,casgnet_no_skunit,12,1.1721055796695705,0.8818968755429905
ab110,casgnet_no_skunit,13,1.1508752100430295,0.836695978283135
ab110,casgnet_no_skunit,14,1.1359695623234471,0.8621160562543126
ab110,casgnet_no_skunit,15,1.1022770419195564,0.9121996661020229
ab110,casgnet_no_skunit,16,1.038932585673108,0.9009242862916488
ab110,casgnet_no_skunit,17,1.0431731236858162,0.8967282708248986
ab110,casgnet_no_skunit,18,0.9882595968332739,0.9034055178184176
ab110,casgnet_no_skunit,19,0.9611959345953313,0.8821936386987245
ab110,casgnet_no_skunit,20,0.9892738281026824,0.9068882709770328
ab110,casgnet_no_skunit,21,0.9305131473500996,0.9117446909919982
ab110,casgnet_no_skunit,22,0.9470444861597261,0.9000245403686814
ab110,casgnet_no_skunit,23,0.8493257328885887,0.911203669871094
ab110,casgnet_no_skunit,24,0.8705373573216943,0.9173937742400797
ab110,casgnet_no_skunit,25,0.8377466579254343,0.8989349877211816
ab110,casgnet_no_skunit,26,0.8304348923760243,0.9180533237175974
ab110,casgnet_no_skunit,27,0.7869999505786183,0.9039150967100131
ab110,casgnet_no_skunit,28,0.800240940725559,0.9317430110004473
ab110,casgnet_no_skunit,29,0.8340364775841717,0.9125458730226953
ab110,casgnet_no_skunit,30,0.8183265088982116,0.9207625468406834
ab110,casgnet_no_skunit,31,0.8044638279263735,0.9079481622236855
ab110,casgnet_no_skunit,32,0.7718928756846162,0.9454753630994432
ab110,casgnet_no_skunit,33,0.7457195029327751,0.9319010975531513
ab110,casgnet_no_skunit,34,0.7147272327696889,0.9153618359216916
ab110,casgnet_no_skunit,35,0.6838240634978033,0.9250302087481769
ab110,casgnet_no_skunit,36,0.7196342045636747,0.9124320572360665
ab110,casgnet_no_skunit,37,0.6927545177778375,0.906965820976208
ab110,casgnet_no_skunit,38,0.6698714007945917,0.9272230596837145
ab110,casgnet_no_skunit,39,0.6377284050850587,0.9081405621323195
ab110,casgnet_no_skunit,40,0.6399902574834835,0.9231951924091831
ab110,casgnet_no_skunit,41,0.622057226368544,0.9344010837985646
ab110,casgnet_no_skunit,42,0.6185235904554406,0.897023149324326
ab110,casgnet_no_skunit,43,0.6320193228733123,0.9272151304261724
ab110,casgnet_no_skunit,44,0.6238670501188432,0.9397531634568753
ab110,casgnet_no_skunit,45,0.5349538576473517,0.9386823521165547
ab110,casgnet_no_skunit,46,0.5247825922666902,0.9237217013184479
ab110,casgnet_no_skunit,47,0.5706754280085731,0.929961234662972
ab110,casgnet_no_skunit,48,0.5621739601484973,0.9423215792569609
ab110,casgnet_no_skunit,49,0.5052606453366388,0.9364739867754006
ab110,casgnet_no_skunit,50,0.5510062801823541,0.9185008509484547
ab110,casgnet_no_skunit,51,0.5208639062500691,0.9076654924880782
ab110,casgnet_no_skunit,52,0.43631163760750086,0.9348839885648267
ab110,casgnet_no_skunit,53,0.47920443144580854,0.920548513162221
ab110,casgnet_no_skunit,54,0.5015178109969679,0.9172276239026841
ab110,casgnet_no_skunit,55,0.48921758989804615,0.9431626027003018
ab110,casgnet_no_skunit,56,0.48544876983858853,0.9296520349590496
ab110,casgnet_no_skunit,57,0.46381307949634454,0.9221793986455145
ab110,casgnet_no_skunit,58,0.4289734405976584,0.9259609018127488
ab110,casgnet_no_skunit,59,0.3920678729674497,0.9415340358660337
ab110,casgnet_no_skunit,60,0.39748863856093586,0.9233061246945506
ab110,casgnet_no_skunit,61,0.4198336705871025,0.9347332120386607
ab110,casgnet_no_skunit,62,0.4012374092787684,0.928158090457069
ab110,casgnet_no_skunit,63,0.4030582078331486,0.9078006983924521
ab110,casgnet_no_skunit,64,0.3902369076150174,0.9170650338160654
ab110,casgnet_no_skunit,65,0.39876813595200045,0.9283096024014477
ab110,casgnet_no_skunit,66,0.3917519920410092,0.9382299231108882
ab110,casgnet_no_skunit,67,0.3681912240274565,0.9287728607285602
ab110,casgnet_no_skunit,68,0.30779243094354547,0.935072544065164
ab110,casgnet_no_skunit,69,0.2750400693950089,0.9285833439822249
ab110,casgnet_no_skunit,70,0.3414307035712483,0.9289752206308508
ab110,casgnet_no_skunit,71,0.3214819270609659,0.934189613016195
ab110,casgnet_no_skunit,72,0.3636116907809411,0.9472378111356179
ab110,casgnet_no_skunit,73,0.3338664479652561,0.9427250073351846
ab110,casgnet_no_skunit,74,0.32709340727803793,0.9405311799130073
ab110,casgnet_no_skunit,75,0.30767451897173653,0.9450350813411196
ab110,casgnet_no_skunit,76,0.3361657953521167,0.936323182281334
ab110,casgnet_no_skunit,77,0.33252697446090324,0.9055430587638045
ab110,casgnet_no_skunit,78,0.35401091558366693,0.9264307622698228
ab110,casgnet_no_skunit,79,0.30959319485973824,0.9446082351371403
ab110,casgnet_no_skunit,80,0.26911930561928465,0.9005420682072759
ab110,casgnet_no_skunit,81,0.3297097984121706,0.9214263575365066
ab110,casgnet_no_skunit,82,0.3046143917036574,0.9179066300735949
ab110,casgnet_no_skunit,83,0.3079267759302988,0.9270012504408146
ab110,casgnet_no_skunit,84,0.2948342024992401,0.9155693758994594
ab110,casgnet_no_skunit,85,0.2514595943710916,0.9229930770855407
ab110,casgnet_no_skunit,86,0.27185273066216986,0.9153452928983878
ab110,casgnet_no_skunit,87,0.2583278629241289,0.9336836555632331
ab110,casgnet_no_skunit,88,0.28860294356924204,0.9313897252708594
ab110,casgnet_no_skunit,89,0.20459750930995504,0.9434871055162664
ab110,casgnet_no_skunit,90,0.23470147520267776,0.9168088548940724
ab110,casgnet_no_skunit,91,0.24356893619884196,0.9229041210574114
ab110,casgnet_no_skunit,92,0.24889180554915108,0.9253823338351815
ab110,casgnet_no_skunit,93,0.26226742995231084,0.9344900201911058
ab110,casgnet_no_skunit,94,0.2453735940634701,0.9242553624969807
ab110,casgnet_no_skunit,95,0.18985386660145046,0.9412672519137179
ab110,casgnet_no_skunit,96,0.20315533757784973,0.9405788036392282
ab110,casgnet_no_skunit,97,0.191077653296175,0.9310165909105376
ab110,casgnet_no_skunit,98,0.252178502834174,0.9380607300851516
ab110,casgnet_no_skunit,99,0.1904600078399564,0.939452918112541
ab110,casgnet_no_skunit,100,0.1909512378661854,0.9361336616911567
ab110,casgnet_no_skunit,101,0.19719650918130277,0.9130168902532729
ab110,casgnet_no_skunit,102,0.2088900026837218,0.9418331359571689
ab110,casgnet_no_skunit,103,0.18778122287463797,0.9339944926043965
ab110,casgnet_no_skunit,104,0.20840615533804577,0.9275308220284167
ab110,casgnet_no_skunit,105,0.22721694474556764,0.9178175154214269
ab110,casgnet_no_skunit,106,0.18362986937219186,0.9308925752508479
ab110,casgnet_no_skunit,107,0.22967024271537081,0.9445483708595841
ab110,casgnet_no_skunit,108,0.2154179206084285,0.9138043997078947
ab110,casgnet_no_skunit,109,0.21297073600627256,0.9303848620731751
ab110,casgnet_no_skunit,110,0.18198291326460705,0.9270697316179142
ab110,casgnet_no_skunit,111,0.18068942646928518,0.9294536568791187
ab110,casgnet_no_skunit,112,0.17134863817648663,0.9456404540512124
ab110,casgnet_no_skunit,113,0.15812417499909787,0.9297545578124629
ab110,casgnet_no_skunit,114,0.12954209652359724,0.9318360846812096
ab110,casgnet_no_skunit,115,0.14417408635913967,0.9283977145831779
ab110,casgnet_no_skunit,116,0.174860551000648,0.950376452976116
ab110,casgnet_no_skunit,117,0.22524930833332213,0.9356148916726496
ab110,casgnet_no_skunit,118,0.20743124825100273,0.9342485205563227
ab110,casgnet_no_skunit,119,0.20582668145329874,0.9321180340660266
ab110,casgnet_no_skunit,120,0.15921872606179682,0.9391107809307803
ab110,casgnet_no_skunit,121,0.15355587302200469,0.9380233858976802
ab110,casgnet_no_skunit,122,0.1408289600527689,0.9398184933703576
ab110,casgnet_no_skunit,123,0.10139464466766296,0.9426975983191533
ab110,casgnet_no_skunit,124,0.1217318902149419,0.9400613129553772
ab110,casgnet_no_skunit,125,0.12880132943212053,0.9319696060176009
ab110,casgnet_no_skunit,126,0.1395631775313896,0.9327625710500426
ab110,casgnet_no_skunit,127,0.16420530384929966,0.9071698290976463
ab110,casgnet_no_skunit,128,0.18409379373503393,0.9269819187141568
ab110,casgnet_no_skunit,129,0.195402014411905,0.9116465713246802
ab110,casgnet_no_skunit,130,0.16224557389611932,0.9538119842300182
ab110,casgnet_no_skunit,131,0.14865645946006867,0.933273503999
ab110,casgnet_no_skunit,132,0.15597639979729463,0.9341966691688689
ab110,casgnet_no_skunit,133,0.13152699781844643,0.9293321025508308
ab110,casgnet_no_skunit,134,0.17590547314383295,0.9300452121003701
ab110,casgnet_no_skunit,135,0.13399721673084256,0.9400185725423479
ab110,casgnet_no_skunit,136,0.10854323783527668,0.9436324762437077
ab110,casgnet_no_skunit,137,0.1198788513895686,0.9404448364799681
ab110,casgnet_no_skunit,138,0.16085023315234695,0.9348379757607951
ab110,casgnet_no_skunit,139,0.13950811124286547,0.9374319782750901
ab110,casgnet_no_skunit,140,0.143292018188786,0.9184814028270935
ab110,casgnet_no_skunit,141,0.1299612299686318,0.9266466937363541
ab110,casgnet_no_skunit,142,0.1291598047003986,0.9306809977779046
ab110,casgnet_no_skunit,143,0.12849423238969396,0.9216190616974643
ab110,casgnet_no_skunit,144,0.12505698266952547,0.9362796551560696
ab110,casgnet_no_skunit,145,0.14458935655231067,0.9264150835164464
ab110,casgnet_no_skunit,146,0.1495986445587852,0.9526494409597196
ab110,casgnet_no_skunit,147,0.08828053453575428,0.9543267299967828
ab110,casgnet_no_skunit,148,0.11912051888477097,0.9394907068174045
ab110,casgnet_no_skunit,149,0.12309110111616489,0.9414490782179697
ab110,casgnet_no_skunit,150,0.09549336367768693,0.939308978733194
ab110,casgnet_no_skunit,151,0.1180921864703711,0.9322787741100378
ab110,casgnet_no_skunit,152,0.15049703376068857,0.933764221458888
ab110,casgnet_no_skunit,153,0.10163858554475413,0.9298432866318503
ab110,casgnet_no_skunit,154,0.12490899745819796,0.9310218402161319
ab110,casgnet_no_skunit,155,0.11078852174221679,0.9410100645410575
ab110,casgnet_no_skunit,156,0.1416278090709944,0.9239297450981105
ab110,casgnet_no_skunit,157,0.1395061245442012,0.9231987144398179
ab110,casgnet_no_skunit,158,0.13031855108726442,0.9340565307233911
ab110,casgnet_no_skunit,159,0.12958028630338905,0.9337026131522537
ab110,casgnet_no_skunit,160,0.12070977662670886,0.9401559511507802
ab110,casgnet_no_skunit,161,0.13500783476524675,0.9312527836253608
ab110,casgnet_no_skunit,162,0.1378929360856193,0.9317099807342778
ab110,casgnet_no_skunit,163,0.1435010388619362,0.9292038323356814
ab110,casgnet_no_skunit,164,0.15708739519011414,0.9202413982863901
ab110,casgnet_no_skunit,165,0.10867322825875012,0.9193289784219433
ab110,casgnet_no_skunit,166,0.0708663216056201,0.9321158921814082
ab110,casgnet_no_skunit,167,0.08359103834097002,0.9227550417953211
ab110,casgnet_no_skunit,168,0.10070869207957397,0.9271573030920693
ab110,casgnet_no_skunit,169,0.07608065974367255,0.929392803341166
ab110,casgnet_no_skunit,170,0.12035362467403435,0.9351233495203143
ab110,casgnet_no_skunit,171,0.07523447884509589,0.938647851981458
ab110,casgnet_no_skunit,172,0.09220655015315883,0.9208959958871372
ab110,casgnet_no_skunit,173,0.10060354743705584,0.9253616907625568
ab110,casgnet_no_skunit,174,0.09027790305608001,0.9388222394813156
ab110,casgnet_no_skunit,175,0.11964837468001178,0.929846804661871
ab110,casgnet_no_skunit,176,0.100317446643035,0.9048337256823143
ab110,casgnet_no_skunit,177,0.12395855804188548,0.9151109124151307
ab110,casgnet_no_skunit,178,0.09348274825817138,0.9326071182618362
ab110,casgnet_no_skunit,179,0.11070799915652511,0.9188366557704557
ab110,casgnet_no_skunit,180,0.0936255650224099,0.9355827119338701
ab110,casgnet_no_skunit,181,0.11627466357633273,0.9281442938934766
ab110,casgnet_no_skunit,182,0.12708111208008627,0.9210044304036084
ab110,casgnet_no_skunit,183,0.13779930664345497,0.9322206006068204
ab110,casgnet_no_skunit,184,0.10504556398735403,0.9234288350484071
ab110,casgnet_no_skunit,185,0.13793839156555757,0.9346402028687937
ab110,casgnet_no_skunit,186,0.12785680428488838,0.9391904288081679
ab110,casgnet_no_skunit,187,0.11313544573269074,0.9342759234822618
ab110,casgnet_no_skunit,188,0.08696701145305133,0.9189170274585832
ab110,casgnet_no_skunit,189,0.1084932526270213,0.9390353360897594
ab110,casgnet_no_skunit,190,0.09478853467685609,0.9371315698254374
ab110,casgnet_no_skunit,191,0.10607736904636943,0.9225207470481684
ab110,casgnet_no_skunit,192,0.097176299168671,0.9283166552856513
ab110,casgnet_no_skunit,193,0.06612591969413263,0.9338919635648492
ab110,casgnet_no_skunit,194,0.055193837647538616,0.9390299999751747
ab110,casgnet_no_skunit,195,0.05838053972787247,0.9461699555959633
ab110,casgnet_no_skunit,196,0.058469891161697186,0.9427078934739798
ab110,casgnet_no_skunit,197,0.07043346895614978,0.9332273158361375
ab110,casgnet_no_skunit,198,0.08556831027105882,0.9351169182282898
ab110,casgnet_no_skunit,199,0.1362834011257342,0.9225982574727108
ab110,casgnet_no_skunit,200,0.15947536571429924,0.9257940008738341
ab111,casgnet_full,1,1.8890452290041455,0.6635314487921553
ab111,casgnet_full,2,1.642602732587062,0.7252428433230749
ab111,casgnet_full,3,1.5811164141851686,0.7711539023274406
ab111,casgnet_full,4,1.4848111131654287,0.8381811846854269
ab111,casgnet_full,5,1.3982898616675732,0.8517403415343493
ab111,casgnet_full,6,1.2689690077980695,0.8427574036707254
ab111,casgnet_full,7,1.234279632855957,0.8594586315387087
ab111,casgnet_full,8,1.1401428002931528,0.8646774857785157
ab111,casgnet_full,9,1.0719941794800385,0.8272209328572347
ab111,casgnet_full,10,1.0320335620850216,0.8706823768403301
ab111,casgnet_full,11,1.0254059539629266,0.881818127023885
ab111,casgnet_full,12,0.9890131369430855,0.8931664920743615
ab111,casgnet_full,13,0.9640901377031398,0.8959925091842794
ab111,casgnet_full,14,0.9166262333873385,0.8778203739278307
ab111,casgnet_full,15,0.861163261859926,0.910170323451935
ab111,casgnet_full,16,0.7890625849851509,0.8924034756389999
ab111,casgnet_full,17,0.7812258197113746,0.9037727568048757
ab111,casgnet_full,18,0.7512730821625603,0.9003197809170579
ab111,casgnet_full,19,0.7210848369558125,0.8982319948658962
ab111,casgnet_full,20,0.6878923136736429,0.9082359613647047
ab111,casgnet_full,21,0.7053062288119796,0.9247145655634527
ab111,casgnet_full,22,0.5920539722655449,0.9355051714518023
ab111,casgnet_full,23,0.593344431303091,0.9110388187963291
ab111,casgnet_full,24,0.6282481515939619,0.9242928957874794
ab111,casgnet_full,25,0.6313601491390868,0.8928529555182257
ab111,casgnet_full,26,0.5835250957955498,0.9016120906556857
ab111,casgnet_full,27,0.5757760568033226,0.9152143749593638
ab111,casgnet_full,28,0.5214015498523689,0.9297779623029607
ab111,casgnet_full,29,0.5193347192500842,0.9263455954847258
ab111,casgnet_full,30,0.4518157535280911,0.9151937381672771
ab111,casgnet_full,31,0.49844645547924343,0.8943446404920969
ab111,casgnet_full,32,0.49630907706386074,0.9138945507556165
ab111,casgnet_full,33,0.4053061595871883,0.9148559359269516
ab111,casgnet_full,34,0.4229228482890618,0.9283836017391177
ab111,casgnet_full,35,0.4126523557704378,0.9277751581415663
ab111,casgnet_full,36,0.44158021158418553,0.9217043784229709
ab111,casgnet_full,37,0.42804567690206236,0.9138460246430802
ab111,casgnet_full,38,0.36672575698111687,0.9186470870777762
ab111,casgnet_full,39,0.33706626493766884,0.9130667444673284
ab111,casgnet_full,40,0.3312101416083095,0.9222864960360242
ab111,casgnet_full,41,0.37763788235633305,0.916521956740878
ab111,casgnet_full,42,0.34185212390414194,0.9190087222238
ab111,casgnet_full,43,0.3684772406901324,0.9203281012356767
ab111,casgnet_full,44,0.36378400493300866,0.9274326149562659
ab111,casgnet_full,45,0.3641246561549685,0.9255365375408248
ab111,casgnet_full,46,0.2892098394464095,0.918975146036413
ab111,casgnet_full,47,0.27441694462543803,0.9404935417026906
ab111,casgnet_full,48,0.24668971613606727,0.9391720138114102
ab111,casgnet_full,49,0.24351493536131805,0.9298938289829339
ab111,casgnet_full,50,0.2356290940208803,0.9173276713010917
ab111,casgnet_full,51,0.28211597485335227,0.92127936979803
ab111,casgnet_full,52,0.2970283800967496,0.9143840558990585
ab111,casgnet_full,53,0.2407640895308574,0.9256790092168176
ab111,casgnet_full,54,0.28068440771505543,0.9218069964971536
ab111,casgnet_full,55,0.22731189090035073,0.927276726616201
ab111,casgnet_full,56,0.2622127282029901,0.9317383142847786
ab111,casgnet_full,57,0.23889481467706014,0.9256453700823135
ab111,casgnet_full,58,0.23324921921308997,0.9205484066952982
ab111,casgnet_full,59,0.2559181561444148,0.9196420549145439
ab111,casgnet_full,60,0.2524991416169018,0.9129895338952131
ab111,casgnet_full,61,0.20661984562011046,0.9454696557199993
ab111,casgnet_full,62,0.20672717329173093,0.9285742044971924
ab111,casgnet_full,63,0.1814633080841405,0.917179292616436
ab111,casgnet_full,64,0.19204435088594227,0.929214756078597
ab111,casgnet_full,65,0.183371736143409,0.9211992228538814
ab111,casgnet_full,66,0.15756263281022106,0.937427562396362
ab111,casgnet_full,67,0.14654638701813932,0.9234165997110402
ab111,casgnet_full,68,0.19030129546423155,0.9228216890181196
ab111,casgnet_full,69,0.1497332872362275,0.9194810110944632
ab111,casgnet_full,70,0.16964944204892984,0.9201560310457368
ab111,casgnet_full,71,0.14932019694003898,0.9185215350138584
ab111,casgnet_full,72,0.15223870150502256,0.919679810124806
ab111,casgnet_full,73,0.13598534889042882,0.9368023452971113
ab111,casgnet_full,74,0.14366625934228103,0.9316458157333697
ab111,casgnet_full,75,0.11990490796626405,0.9335905686026392
ab111,casgnet_full,76,0.1334709803898458,0.9370031700150828
ab111,casgnet_full,77,0.14812968781867275,0.9212059204508068
ab111,casgnet_full,78,0.16757750250533923,0.9147418507767365
ab111,casgnet_full,79,0.10719282611467583,0.9250709020325766
ab111,casgnet_full,80,0.15912054499793254,0.9126246998512546
ab111,casgnet_full,81,0.1659712616008211,0.9275712035123392
ab111,casgnet_full,82,0.17185352036259863,0.9159959629485198
ab111,casgnet_full,83,0.16694789598229712,0.9227252695264766
ab111,casgnet_full,84,0.12942543803782744,0.9364832835930015
ab111,casgnet_full,85,0.16529359755671355,0.9315212058409413
ab111,casgnet_full,86,0.1596359397016187,0.9303393398486557
ab111,casgnet_full,87,0.10536736089048684,0.9393422793860887
ab111,casgnet_full,88,0.15045610947401877,0.9324306371904194
ab111,casgnet_full,89,0.19303636409261402,0.9324081348345225
ab111,casgnet_full,90,0.14707989874773347,0.9389063832803698
ab111,casgnet_full,91,0.10643700838304687,0.924338814338588
ab111,casgnet_full,92,0.1129993004286246,0.9381539170954867
ab111,casgnet_full,93,0.09553525443171995,0.9274705716710828
ab111,casgnet_full,94,0.08945602165991204,0.9374186609666815
ab111,casgnet_full,95,0.0794231308707282,0.9236146618759576
ab111,casgnet_full,96,0.06403215809200584,0.9327077557782795
ab111,casgnet_full,97,0.0779458447230308,0.9270870757999278
ab111,casgnet_full,98,0.10361842242652602,0.9294423370470243
ab111,casgnet_full,99,0.10462538825192987,0.9247766662207252
ab111,casgnet_full,100,0.08809843226206748,0.9398169909408243
ab111,casgnet_full,101,0.1185601988517476,0.9230289916179976
ab111,casgnet_full,102,0.09529923100756937,0.9315225807580833
ab111,casgnet_full,103,0.11128036098148049,0.9174035013522256
ab111,casgnet_full,104,0.13566032348962365,0.9376710401690759
ab111,casgnet_full,105,0.10403412684744316,0.9497373690846389
ab111,casgnet_full,106,0.09564292385715843,0.9320313998168733
ab111,casgnet_full,107,0.09493445257450689,0.9229940818969897
ab111,casgnet_full,108,0.1278689246089956,0.9207677552050278
ab111,casgnet_full,109,0.13972900122565873,0.9199619030373464
ab111,casgnet_full,110,0.10791168333142456,0.9241262845516912
ab111,casgnet_full,111,0.07234388681530808,0.9265143376697161
ab111,casgnet_full,112,0.12800761762516633,0.9376329395452004
ab111,casgnet_full,113,0.10968190104452347,0.9415259248569301
ab111,casgnet_full,114,0.122741042974487,0.9300819047886094
ab111,casgnet_full,115,0.12378729610233169,0.9111113625802165
ab111,casgnet_full,116,0.1084316407562884,0.9181764671188273
ab111,casgnet_full,117,0.13018314035292558,0.9434406911195918
ab111,casgnet_full,118,0.0884657173908447,0.9293058809498238
ab111,casgnet_full,119,0.06308896050072837,0.9224173983716952
ab111,casgnet_full,120,0.10902904962224322,0.9339285151828797
ab111,casgnet_full,121,0.10875002759429026,0.909584069051043
ab111,casgnet_full,122,0.0869428331371671,0.9186595751384881
ab111,casgnet_full,123,0.11173575648766088,0.9285907036886376
ab111,casgnet_full,124,0.14267193273482764,0.911648151093834
ab111,casgnet_full,125,0.12170364340347102,0.9091898188322591
ab111,casgnet_full,126,0.1345472114589807,0.9065090680173332
ab111,casgnet_full,127,0.07279808287687412,0.9225669129818611
ab111,casgnet_full,128,0.11095051040740367,0.9401549177781359
ab111,casgnet_full,129,0.10351851624768088,0.924240420975773
ab111,casgnet_full,130,0.08077486032402127,0.9353524029276803
ab111,casgnet_full,131,0.07489331228382193,0.9237241807064984
ab111,casgnet_full,132,0.08367445789933636,0.9236613214440986
ab111,casgnet_full,133,0.0507040802205141,0.9216510936582872
ab111,casgnet_full,134,0.08824538669590495,0.9141653891483081
ab111,casgnet_full,135,0.0885920875106991,0.9137902274334808
ab111,casgnet_full,136,0.13404795215594323,0.922916753850057
ab111,casgnet_full,137,0.09638666747580535,0.9151234774796322
ab111,casgnet_full,138,0.07184783370201493,0.9191770896623316
ab111,casgnet_full,139,0.137227873283071,0.9213192931056831
ab111,casgnet_full,140,0.11729120255523194,0.929475968274083
ab111,casgnet_full,141,0.10398027321505748,0.9205820889229371
ab111,casgnet_full,142,0.0755686675287127,0.9241324285723189
ab111,casgnet_full,143,0.11375437349764084,0.9222988068805986
ab111,casgnet_full,144,0.09704655964731883,0.916215364612783
ab111,casgnet_full,145,0.07154971625840131,0.9257854445221089
ab111,casgnet_full,146,0.05279480434945179,0.938735418233209
ab111,casgnet_full,147,0.060461756120580815,0.9312016680202034
ab111,casgnet_full,148,0.06135843590854592,0.9279212346056801
ab111,casgnet_full,149,0.054497251179815236,0.9235978333604818
ab111,casgnet_full,150,0.09273585348206924,0.9229257434438318
ab111,casgnet_full,151,0.1278384131333365,0.9051846199674054
ab111,casgnet_full,152,0.08241210626247278,0.9142595000243039
ab111,casgnet_full,153,0.12864058228396105,0.9167932086685212
ab111,casgnet_full,154,0.12266246258619323,0.9132835321867682
ab111,casgnet_full,155,0.08478157053756627,0.928209005432513
ab111,casgnet_full,156,0.1202534936880749,0.9282922925538077
ab111,casgnet_full,157,0.0897849915218871,0.940984590489238
ab111,casgnet_full,158,0.0708029260375819,0.9293252524529363
ab111,casgnet_full,159,0.11938713782155758,0.921979721153697
ab111,casgnet_full,160,0.06435896404451534,0.9247606924768804
ab111,casgnet_full,161,0.08218297141236765,0.9256627146197899
ab111,casgnet_full,162,0.05959948503712262,0.9424066105663221
ab111,casgnet_full,163,0.08169403696484387,0.9427158960362433
ab111,casgnet_full,164,0.09282168656120254,0.9316703697014432
ab111,casgnet_full,165,0.12019540734400364,0.9404494137185744
ab111,casgnet_full,166,0.09062003938366622,0.9343174122382516
ab111,casgnet_full,167,0.06407080390305225,0.9312456726452167
ab111,casgnet_full,168,0.1013246356847778,0.9276724277455187
ab111,casgnet_full,169,0.06613532141911538,0.9334941269434954
ab111,casgnet_full,170,0.07067942446933563,0.937120260472143
ab111,casgnet_full,171,0.05538527241068812,0.9386956120588904
ab111,casgnet_full,172,0.061451094997968116,0.9321987232650016
ab111,casgnet_full,173,0.09390497031487947,0.9386557259711903
ab111,casgnet_full,174,0.07462982546461722,0.9321537992463736
ab111,casgnet_full,175,0.07365160366908992,0.9441213481604847
ab111,casgnet_full,176,0.06293163677751658,0.9464340144216009
ab111,casgnet_full,177,0.09852648539012535,0.9433285321634353
ab111,casgnet_full,178,0.08134278413514967,0.9296777318432525
ab111,casgnet_full,179,0.08454691428540609,0.9433301264271446
ab111,casgnet_full,180,0.06106537065959667,0.9444566204550292
ab111,casgnet_full,181,0.07467063768925224,0.9405363949524573
ab111,casgnet_full,182,0.044869591007334945,0.9354476198673728
ab111,casgnet_full,183,0.054375427511079176,0.9357340336505147
ab111,casgnet_full,184,0.058992964200972074,0.9356925673280533
ab111,casgnet_full,185,0.08471016889208853,0.9346505537286368
ab111,casgnet_full,186,0.06973328607368078,0.9384289368418292
ab111,casgnet_full,187,0.056108087081062206,0.9357573270704697
ab111,casgnet_full,188,0.09731370311306814,0.9201553881481648
ab111,casgnet_full,189,0.11852427849723576,0.9299307418924319
ab111,casgnet_full,190,0.08491437822867935,0.9203130801422834
ab111,casgnet_full,191,0.07383277202732816,0.9245701313397751
ab111,casgnet_full,192,0.08655067502472671,0.9282803292719031
ab111,casgnet_full,193,0.05079180899607546,0.9293397629827875
ab111,casgnet_full,194,0.06138912085960512,0.9269663319787087
ab111,casgnet_full,195,0.06928162313593311,0.9377090658971535
ab111,casgnet_full,196,0.04882546543257156,0.9291632273595563
ab111,casgnet_full,197,0.05677989970070318,0.9302474041741841
ab111,casgnet_full,198,0.08978215915086905,0.9287520866207368
ab111,casgnet_full,199,0.08960656872956112,0.9404102357970977
ab111,casgnet_full,200,0.05461275182098186,0.9378593784731788
